SET session_replication_role = replica;

--
-- PostgreSQL database dump
--

-- \restrict SsiWHSNH5FWMBOHfD55x0UdmkawvUdl18pmNDrLHZRGDTmx2z7lJetinHJibBcD

-- Dumped from database version 17.6
-- Dumped by pg_dump version 17.6

SET statement_timeout = 0;
SET lock_timeout = 0;
SET idle_in_transaction_session_timeout = 0;
SET transaction_timeout = 0;
SET client_encoding = 'UTF8';
SET standard_conforming_strings = on;
SELECT pg_catalog.set_config('search_path', '', false);
SET check_function_bodies = false;
SET xmloption = content;
SET client_min_messages = warning;
SET row_security = off;

--
-- Data for Name: audit_log_entries; Type: TABLE DATA; Schema: auth; Owner: supabase_auth_admin
--

INSERT INTO "auth"."audit_log_entries" ("instance_id", "id", "payload", "created_at", "ip_address") VALUES
	('00000000-0000-0000-0000-000000000000', '235adff5-0315-46b7-a048-66fea81713c7', '{"action":"user_signedup","actor_id":"00000000-0000-0000-0000-000000000000","actor_username":"service_role","actor_via_sso":false,"log_type":"team","traits":{"provider":"email","user_email":"castro.oceane@laposte.net","user_id":"0343fca9-5ab1-4348-be5b-7b7f79a064df","user_phone":""}}', '2025-10-22 00:40:02.275146+00', ''),
	('00000000-0000-0000-0000-000000000000', '8050dd4f-b9b1-4a0f-86b0-33bac96d8dab', '{"action":"login","actor_id":"0343fca9-5ab1-4348-be5b-7b7f79a064df","actor_username":"castro.oceane@laposte.net","actor_via_sso":false,"log_type":"account","traits":{"provider":"email"}}', '2025-10-22 11:06:32.165992+00', ''),
	('00000000-0000-0000-0000-000000000000', '7eccb9e0-6d99-4e7c-9db4-ab89c4c9625e', '{"action":"logout","actor_id":"0343fca9-5ab1-4348-be5b-7b7f79a064df","actor_username":"castro.oceane@laposte.net","actor_via_sso":false,"log_type":"account"}', '2025-10-22 11:08:12.081431+00', ''),
	('00000000-0000-0000-0000-000000000000', '5138bc85-69c7-4fdf-9095-afd8e45d0259', '{"action":"login","actor_id":"0343fca9-5ab1-4348-be5b-7b7f79a064df","actor_username":"castro.oceane@laposte.net","actor_via_sso":false,"log_type":"account","traits":{"provider":"email"}}', '2025-10-23 09:40:00.628776+00', ''),
	('00000000-0000-0000-0000-000000000000', 'e45e729f-6ebf-49fc-a1fd-c4a67bba2ba8', '{"action":"token_refreshed","actor_id":"0343fca9-5ab1-4348-be5b-7b7f79a064df","actor_username":"castro.oceane@laposte.net","actor_via_sso":false,"log_type":"token"}', '2025-10-23 10:56:45.137437+00', ''),
	('00000000-0000-0000-0000-000000000000', '5553b3d3-23f0-4b03-901f-b340c98fca60', '{"action":"token_revoked","actor_id":"0343fca9-5ab1-4348-be5b-7b7f79a064df","actor_username":"castro.oceane@laposte.net","actor_via_sso":false,"log_type":"token"}', '2025-10-23 10:56:45.141589+00', ''),
	('00000000-0000-0000-0000-000000000000', '6e1d9b47-6fa6-4d7c-a244-c7d9a35b52a9', '{"action":"logout","actor_id":"0343fca9-5ab1-4348-be5b-7b7f79a064df","actor_username":"castro.oceane@laposte.net","actor_via_sso":false,"log_type":"account"}', '2025-10-23 10:56:50.71202+00', ''),
	('00000000-0000-0000-0000-000000000000', 'f46a1276-085a-4963-875e-26df21c919ae', '{"action":"login","actor_id":"0343fca9-5ab1-4348-be5b-7b7f79a064df","actor_username":"castro.oceane@laposte.net","actor_via_sso":false,"log_type":"account","traits":{"provider":"email"}}', '2025-10-23 10:59:38.8237+00', ''),
	('00000000-0000-0000-0000-000000000000', 'be9dd853-d6d4-4370-978b-2ac171598427', '{"action":"token_refreshed","actor_id":"0343fca9-5ab1-4348-be5b-7b7f79a064df","actor_username":"castro.oceane@laposte.net","actor_via_sso":false,"log_type":"token"}', '2025-10-23 12:08:48.586173+00', ''),
	('00000000-0000-0000-0000-000000000000', 'dc495675-8da4-4084-9199-dfdebb92210a', '{"action":"token_revoked","actor_id":"0343fca9-5ab1-4348-be5b-7b7f79a064df","actor_username":"castro.oceane@laposte.net","actor_via_sso":false,"log_type":"token"}', '2025-10-23 12:08:48.5872+00', ''),
	('00000000-0000-0000-0000-000000000000', 'b94415a0-e0d8-42e1-92cf-97ddf001cfa4', '{"action":"logout","actor_id":"0343fca9-5ab1-4348-be5b-7b7f79a064df","actor_username":"castro.oceane@laposte.net","actor_via_sso":false,"log_type":"account"}', '2025-10-23 12:08:57.493439+00', ''),
	('00000000-0000-0000-0000-000000000000', '3d8c4bcd-7879-4ad2-b0c0-1ff151bb4944', '{"action":"login","actor_id":"0343fca9-5ab1-4348-be5b-7b7f79a064df","actor_username":"castro.oceane@laposte.net","actor_via_sso":false,"log_type":"account","traits":{"provider":"email"}}', '2025-10-23 12:37:29.326014+00', ''),
	('00000000-0000-0000-0000-000000000000', 'e67ea5e5-9168-4981-a5e6-a53e5d47cc4d', '{"action":"login","actor_id":"0343fca9-5ab1-4348-be5b-7b7f79a064df","actor_username":"castro.oceane@laposte.net","actor_via_sso":false,"log_type":"account","traits":{"provider":"email"}}', '2025-10-23 13:05:32.61106+00', ''),
	('00000000-0000-0000-0000-000000000000', '9e0d0ceb-f691-4fb5-aa22-e669a12f43b7', '{"action":"token_refreshed","actor_id":"0343fca9-5ab1-4348-be5b-7b7f79a064df","actor_username":"castro.oceane@laposte.net","actor_via_sso":false,"log_type":"token"}', '2025-10-23 18:41:29.609374+00', ''),
	('00000000-0000-0000-0000-000000000000', 'd4f904cd-4e74-4454-9e08-89e77f774a06', '{"action":"token_revoked","actor_id":"0343fca9-5ab1-4348-be5b-7b7f79a064df","actor_username":"castro.oceane@laposte.net","actor_via_sso":false,"log_type":"token"}', '2025-10-23 18:41:29.610819+00', ''),
	('00000000-0000-0000-0000-000000000000', '2709ca12-c95f-4a41-8dc3-745d5bd1c2ef', '{"action":"login","actor_id":"0343fca9-5ab1-4348-be5b-7b7f79a064df","actor_username":"castro.oceane@laposte.net","actor_via_sso":false,"log_type":"account","traits":{"provider":"email"}}', '2025-10-23 18:55:58.182472+00', ''),
	('00000000-0000-0000-0000-000000000000', 'b0d3ae3e-458e-4b75-89e2-f1f81f1f1257', '{"action":"login","actor_id":"0343fca9-5ab1-4348-be5b-7b7f79a064df","actor_username":"castro.oceane@laposte.net","actor_via_sso":false,"log_type":"account","traits":{"provider":"email"}}', '2025-10-23 19:48:56.266317+00', ''),
	('00000000-0000-0000-0000-000000000000', 'c69aeaea-cdfc-47af-9932-ec1e4cfa011b', '{"action":"login","actor_id":"0343fca9-5ab1-4348-be5b-7b7f79a064df","actor_username":"castro.oceane@laposte.net","actor_via_sso":false,"log_type":"account","traits":{"provider":"email"}}', '2025-10-23 19:56:18.198711+00', ''),
	('00000000-0000-0000-0000-000000000000', 'da64838d-6847-4468-a53f-8f46396b76d9', '{"action":"login","actor_id":"0343fca9-5ab1-4348-be5b-7b7f79a064df","actor_username":"castro.oceane@laposte.net","actor_via_sso":false,"log_type":"account","traits":{"provider":"email"}}', '2025-10-23 20:06:35.631205+00', ''),
	('00000000-0000-0000-0000-000000000000', '1fa34f2c-9760-4611-a6df-21b854a6bf51', '{"action":"login","actor_id":"0343fca9-5ab1-4348-be5b-7b7f79a064df","actor_username":"castro.oceane@laposte.net","actor_via_sso":false,"log_type":"account","traits":{"provider":"email"}}', '2025-10-23 20:19:32.479666+00', ''),
	('00000000-0000-0000-0000-000000000000', '0b733866-c981-4000-93a6-7f9e5aa2b069', '{"action":"login","actor_id":"0343fca9-5ab1-4348-be5b-7b7f79a064df","actor_username":"castro.oceane@laposte.net","actor_via_sso":false,"log_type":"account","traits":{"provider":"email"}}', '2025-10-23 20:39:52.319541+00', ''),
	('00000000-0000-0000-0000-000000000000', '01875347-92c0-4aff-ad36-5a6322fa210f', '{"action":"login","actor_id":"0343fca9-5ab1-4348-be5b-7b7f79a064df","actor_username":"castro.oceane@laposte.net","actor_via_sso":false,"log_type":"account","traits":{"provider":"email"}}', '2025-10-23 21:01:43.46608+00', ''),
	('00000000-0000-0000-0000-000000000000', '1baf5d40-b73e-4df3-8681-3537d534b255', '{"action":"login","actor_id":"0343fca9-5ab1-4348-be5b-7b7f79a064df","actor_username":"castro.oceane@laposte.net","actor_via_sso":false,"log_type":"account","traits":{"provider":"email"}}', '2025-10-23 21:32:27.194218+00', ''),
	('00000000-0000-0000-0000-000000000000', 'd9267e40-eaef-48ba-ab0f-87b85a05ccd2', '{"action":"login","actor_id":"0343fca9-5ab1-4348-be5b-7b7f79a064df","actor_username":"castro.oceane@laposte.net","actor_via_sso":false,"log_type":"account","traits":{"provider":"email"}}', '2025-10-23 21:50:03.076357+00', ''),
	('00000000-0000-0000-0000-000000000000', '8c9c7084-16c3-48c1-999d-7e1c96a7f059', '{"action":"login","actor_id":"0343fca9-5ab1-4348-be5b-7b7f79a064df","actor_username":"castro.oceane@laposte.net","actor_via_sso":false,"log_type":"account","traits":{"provider":"email"}}', '2025-10-23 21:57:55.191911+00', ''),
	('00000000-0000-0000-0000-000000000000', '48e25cbc-42f5-4995-8f51-5c366efcd27a', '{"action":"login","actor_id":"0343fca9-5ab1-4348-be5b-7b7f79a064df","actor_username":"castro.oceane@laposte.net","actor_via_sso":false,"log_type":"account","traits":{"provider":"email"}}', '2025-10-23 22:10:40.080683+00', ''),
	('00000000-0000-0000-0000-000000000000', '8db021fa-b202-493d-9969-fce88d2d78e1', '{"action":"login","actor_id":"0343fca9-5ab1-4348-be5b-7b7f79a064df","actor_username":"castro.oceane@laposte.net","actor_via_sso":false,"log_type":"account","traits":{"provider":"email"}}', '2025-10-23 22:23:31.16831+00', ''),
	('00000000-0000-0000-0000-000000000000', '7575796f-9aa4-4644-8416-48cb6e2e4f83', '{"action":"login","actor_id":"0343fca9-5ab1-4348-be5b-7b7f79a064df","actor_username":"castro.oceane@laposte.net","actor_via_sso":false,"log_type":"account","traits":{"provider":"email"}}', '2025-10-23 22:25:04.327564+00', ''),
	('00000000-0000-0000-0000-000000000000', '24647f6b-8c5a-45ec-a217-d207b522f2f7', '{"action":"login","actor_id":"0343fca9-5ab1-4348-be5b-7b7f79a064df","actor_username":"castro.oceane@laposte.net","actor_via_sso":false,"log_type":"account","traits":{"provider":"email"}}', '2025-10-23 22:41:08.709849+00', ''),
	('00000000-0000-0000-0000-000000000000', '93735894-3cad-4a69-bb1e-1d9a76689419', '{"action":"user_recovery_requested","actor_id":"0343fca9-5ab1-4348-be5b-7b7f79a064df","actor_username":"castro.oceane@laposte.net","actor_via_sso":false,"log_type":"user"}', '2025-10-23 22:41:12.306754+00', ''),
	('00000000-0000-0000-0000-000000000000', 'ab24e7e4-3c95-43fa-b972-1ea99290ea3b', '{"action":"token_revoked","actor_id":"0343fca9-5ab1-4348-be5b-7b7f79a064df","actor_username":"castro.oceane@laposte.net","actor_via_sso":false,"log_type":"token"}', '2025-10-26 12:23:12.600462+00', ''),
	('00000000-0000-0000-0000-000000000000', '3bee7d5f-b238-4f3c-a9fa-6d5e8515ddaf', '{"action":"login","actor_id":"0343fca9-5ab1-4348-be5b-7b7f79a064df","actor_username":"castro.oceane@laposte.net","actor_via_sso":false,"log_type":"account","traits":{"provider":"email"}}', '2025-10-23 22:42:04.913878+00', ''),
	('00000000-0000-0000-0000-000000000000', '99699c94-f332-4cf1-a8e2-d5952461d783', '{"action":"login","actor_id":"0343fca9-5ab1-4348-be5b-7b7f79a064df","actor_username":"castro.oceane@laposte.net","actor_via_sso":false,"log_type":"account","traits":{"provider":"email"}}', '2025-10-23 23:00:41.535246+00', ''),
	('00000000-0000-0000-0000-000000000000', '9d74ee11-8afa-47bc-b3ec-456e9e2054c7', '{"action":"login","actor_id":"0343fca9-5ab1-4348-be5b-7b7f79a064df","actor_username":"castro.oceane@laposte.net","actor_via_sso":false,"log_type":"account","traits":{"provider":"email"}}', '2025-10-23 23:03:26.689048+00', ''),
	('00000000-0000-0000-0000-000000000000', '40cfbf6b-47aa-4f46-887f-52c972ca13a4', '{"action":"token_refreshed","actor_id":"0343fca9-5ab1-4348-be5b-7b7f79a064df","actor_username":"castro.oceane@laposte.net","actor_via_sso":false,"log_type":"token"}', '2025-10-24 11:37:26.802348+00', ''),
	('00000000-0000-0000-0000-000000000000', '8ec65805-392d-4a32-8996-570d9aa3722d', '{"action":"token_revoked","actor_id":"0343fca9-5ab1-4348-be5b-7b7f79a064df","actor_username":"castro.oceane@laposte.net","actor_via_sso":false,"log_type":"token"}', '2025-10-24 11:37:26.803526+00', ''),
	('00000000-0000-0000-0000-000000000000', '34e95193-8bd3-4740-a169-47ad26cc35e4', '{"action":"login","actor_id":"0343fca9-5ab1-4348-be5b-7b7f79a064df","actor_username":"castro.oceane@laposte.net","actor_via_sso":false,"log_type":"account","traits":{"provider":"email"}}', '2025-10-24 11:54:12.999843+00', ''),
	('00000000-0000-0000-0000-000000000000', 'de033d15-4e25-4383-ae78-aa80678b638f', '{"action":"login","actor_id":"0343fca9-5ab1-4348-be5b-7b7f79a064df","actor_username":"castro.oceane@laposte.net","actor_via_sso":false,"log_type":"account","traits":{"provider":"email"}}', '2025-10-24 12:09:28.147527+00', ''),
	('00000000-0000-0000-0000-000000000000', '111ba65c-535e-4d96-a65b-78f4fe3de1e8', '{"action":"login","actor_id":"0343fca9-5ab1-4348-be5b-7b7f79a064df","actor_username":"castro.oceane@laposte.net","actor_via_sso":false,"log_type":"account","traits":{"provider":"email"}}', '2025-10-24 12:52:49.741993+00', ''),
	('00000000-0000-0000-0000-000000000000', '0866e708-1b41-4290-80e7-1e26e3951aa7', '{"action":"login","actor_id":"0343fca9-5ab1-4348-be5b-7b7f79a064df","actor_username":"castro.oceane@laposte.net","actor_via_sso":false,"log_type":"account","traits":{"provider":"email"}}', '2025-10-24 12:53:57.85158+00', ''),
	('00000000-0000-0000-0000-000000000000', '004f1095-39b1-4817-ade8-dd7ef75b3045', '{"action":"login","actor_id":"0343fca9-5ab1-4348-be5b-7b7f79a064df","actor_username":"castro.oceane@laposte.net","actor_via_sso":false,"log_type":"account","traits":{"provider":"email"}}', '2025-10-24 12:54:22.467713+00', ''),
	('00000000-0000-0000-0000-000000000000', '48275fc5-5836-4d34-aee0-bcf40909c181', '{"action":"login","actor_id":"0343fca9-5ab1-4348-be5b-7b7f79a064df","actor_username":"castro.oceane@laposte.net","actor_via_sso":false,"log_type":"account","traits":{"provider":"email"}}', '2025-10-24 12:58:39.288371+00', ''),
	('00000000-0000-0000-0000-000000000000', '667861d0-edce-40c1-9f20-6d1b33f57820', '{"action":"login","actor_id":"0343fca9-5ab1-4348-be5b-7b7f79a064df","actor_username":"castro.oceane@laposte.net","actor_via_sso":false,"log_type":"account","traits":{"provider":"email"}}', '2025-10-24 13:11:33.571049+00', ''),
	('00000000-0000-0000-0000-000000000000', 'cd7199c5-3b90-4bc0-adda-1b929cd8888b', '{"action":"login","actor_id":"0343fca9-5ab1-4348-be5b-7b7f79a064df","actor_username":"castro.oceane@laposte.net","actor_via_sso":false,"log_type":"account","traits":{"provider":"email"}}', '2025-10-24 13:15:49.739932+00', ''),
	('00000000-0000-0000-0000-000000000000', 'd2102de2-a79b-4c6e-8825-22f21449c2c8', '{"action":"token_refreshed","actor_id":"0343fca9-5ab1-4348-be5b-7b7f79a064df","actor_username":"castro.oceane@laposte.net","actor_via_sso":false,"log_type":"token"}', '2025-10-24 14:13:50.381143+00', ''),
	('00000000-0000-0000-0000-000000000000', '4005ff49-3041-4685-97d2-fcc985474c0e', '{"action":"token_revoked","actor_id":"0343fca9-5ab1-4348-be5b-7b7f79a064df","actor_username":"castro.oceane@laposte.net","actor_via_sso":false,"log_type":"token"}', '2025-10-24 14:13:50.382277+00', ''),
	('00000000-0000-0000-0000-000000000000', '1d907879-445e-4481-ab82-421ac5f073f6', '{"action":"login","actor_id":"0343fca9-5ab1-4348-be5b-7b7f79a064df","actor_username":"castro.oceane@laposte.net","actor_via_sso":false,"log_type":"account","traits":{"provider":"email"}}', '2025-10-24 14:15:01.451007+00', ''),
	('00000000-0000-0000-0000-000000000000', 'e53ce592-fd9f-448b-b7a7-520fb05ce465', '{"action":"logout","actor_id":"0343fca9-5ab1-4348-be5b-7b7f79a064df","actor_username":"castro.oceane@laposte.net","actor_via_sso":false,"log_type":"account"}', '2025-10-24 14:15:01.81262+00', ''),
	('00000000-0000-0000-0000-000000000000', '66536937-4c12-4000-97a5-ef9861b284fc', '{"action":"login","actor_id":"0343fca9-5ab1-4348-be5b-7b7f79a064df","actor_username":"castro.oceane@laposte.net","actor_via_sso":false,"log_type":"account","traits":{"provider":"email"}}', '2025-10-24 14:15:07.579043+00', ''),
	('00000000-0000-0000-0000-000000000000', '295fe038-8644-493f-a728-8092669c118f', '{"action":"logout","actor_id":"0343fca9-5ab1-4348-be5b-7b7f79a064df","actor_username":"castro.oceane@laposte.net","actor_via_sso":false,"log_type":"account"}', '2025-10-24 14:15:07.894687+00', ''),
	('00000000-0000-0000-0000-000000000000', '4fe8573d-c828-4c42-abf5-155512206066', '{"action":"login","actor_id":"0343fca9-5ab1-4348-be5b-7b7f79a064df","actor_username":"castro.oceane@laposte.net","actor_via_sso":false,"log_type":"account","traits":{"provider":"email"}}', '2025-10-24 14:42:04.097254+00', ''),
	('00000000-0000-0000-0000-000000000000', 'b23e387e-26ba-4513-a395-b9eeda0977fd', '{"action":"logout","actor_id":"0343fca9-5ab1-4348-be5b-7b7f79a064df","actor_username":"castro.oceane@laposte.net","actor_via_sso":false,"log_type":"account"}', '2025-10-24 14:44:01.837115+00', ''),
	('00000000-0000-0000-0000-000000000000', 'e3fcc004-9ece-4f9e-9687-a2b1bf8cab2c', '{"action":"login","actor_id":"0343fca9-5ab1-4348-be5b-7b7f79a064df","actor_username":"castro.oceane@laposte.net","actor_via_sso":false,"log_type":"account","traits":{"provider":"email"}}', '2025-10-24 14:48:13.074581+00', ''),
	('00000000-0000-0000-0000-000000000000', 'b635fce2-b4d3-4125-8b07-e75971919cbe', '{"action":"logout","actor_id":"0343fca9-5ab1-4348-be5b-7b7f79a064df","actor_username":"castro.oceane@laposte.net","actor_via_sso":false,"log_type":"account"}', '2025-10-24 14:48:36.929909+00', ''),
	('00000000-0000-0000-0000-000000000000', '062724a7-eaa7-4a3c-8e65-60f0a450bb71', '{"action":"login","actor_id":"0343fca9-5ab1-4348-be5b-7b7f79a064df","actor_username":"castro.oceane@laposte.net","actor_via_sso":false,"log_type":"account","traits":{"provider":"email"}}', '2025-10-24 14:50:26.141285+00', ''),
	('00000000-0000-0000-0000-000000000000', '333d3806-a7b4-49a8-9ad0-13380153306b', '{"action":"token_refreshed","actor_id":"0343fca9-5ab1-4348-be5b-7b7f79a064df","actor_username":"castro.oceane@laposte.net","actor_via_sso":false,"log_type":"token"}', '2025-10-24 21:19:21.361993+00', ''),
	('00000000-0000-0000-0000-000000000000', 'ed8cce2c-2b24-4d9b-aaad-d4cdf65bb299', '{"action":"token_revoked","actor_id":"0343fca9-5ab1-4348-be5b-7b7f79a064df","actor_username":"castro.oceane@laposte.net","actor_via_sso":false,"log_type":"token"}', '2025-10-24 21:19:21.363405+00', ''),
	('00000000-0000-0000-0000-000000000000', 'fa0a0d26-358b-43f8-be30-c2523c80d63c', '{"action":"token_refreshed","actor_id":"0343fca9-5ab1-4348-be5b-7b7f79a064df","actor_username":"castro.oceane@laposte.net","actor_via_sso":false,"log_type":"token"}', '2025-10-25 07:14:54.931092+00', ''),
	('00000000-0000-0000-0000-000000000000', 'dc8e8893-5636-42f9-8103-723c58a298d9', '{"action":"token_revoked","actor_id":"0343fca9-5ab1-4348-be5b-7b7f79a064df","actor_username":"castro.oceane@laposte.net","actor_via_sso":false,"log_type":"token"}', '2025-10-25 07:14:54.932175+00', ''),
	('00000000-0000-0000-0000-000000000000', '690f9c1f-3e57-4b3f-9526-6f4658e3b574', '{"action":"login","actor_id":"0343fca9-5ab1-4348-be5b-7b7f79a064df","actor_username":"castro.oceane@laposte.net","actor_via_sso":false,"log_type":"account","traits":{"provider":"email"}}', '2025-10-25 07:50:24.634794+00', ''),
	('00000000-0000-0000-0000-000000000000', '62e7b112-dda6-43c2-86ae-80e7ebbb1c47', '{"action":"login","actor_id":"0343fca9-5ab1-4348-be5b-7b7f79a064df","actor_username":"castro.oceane@laposte.net","actor_via_sso":false,"log_type":"account","traits":{"provider":"email"}}', '2025-10-25 07:51:00.61054+00', ''),
	('00000000-0000-0000-0000-000000000000', '5affca21-65ef-49c1-90a9-10ff602156c8', '{"action":"login","actor_id":"0343fca9-5ab1-4348-be5b-7b7f79a064df","actor_username":"castro.oceane@laposte.net","actor_via_sso":false,"log_type":"account","traits":{"provider":"email"}}', '2025-10-25 07:56:55.70271+00', ''),
	('00000000-0000-0000-0000-000000000000', 'cf0d0a4b-eec4-4ba6-a049-bfe1ce1b3ca3', '{"action":"login","actor_id":"0343fca9-5ab1-4348-be5b-7b7f79a064df","actor_username":"castro.oceane@laposte.net","actor_via_sso":false,"log_type":"account","traits":{"provider":"email"}}', '2025-10-25 08:07:02.811278+00', ''),
	('00000000-0000-0000-0000-000000000000', 'd6285e78-5b93-44a3-b632-9686da66cf89', '{"action":"login","actor_id":"0343fca9-5ab1-4348-be5b-7b7f79a064df","actor_username":"castro.oceane@laposte.net","actor_via_sso":false,"log_type":"account","traits":{"provider":"email"}}', '2025-10-25 08:14:07.373831+00', ''),
	('00000000-0000-0000-0000-000000000000', 'bb912f25-d2ea-4683-9479-8a4b20b57910', '{"action":"token_refreshed","actor_id":"0343fca9-5ab1-4348-be5b-7b7f79a064df","actor_username":"castro.oceane@laposte.net","actor_via_sso":false,"log_type":"token"}', '2025-10-25 09:19:56.209078+00', ''),
	('00000000-0000-0000-0000-000000000000', '7870afb8-3b9b-4d2d-961c-b171ab22d4fa', '{"action":"token_revoked","actor_id":"0343fca9-5ab1-4348-be5b-7b7f79a064df","actor_username":"castro.oceane@laposte.net","actor_via_sso":false,"log_type":"token"}', '2025-10-25 09:19:56.2102+00', ''),
	('00000000-0000-0000-0000-000000000000', '3940148f-a32c-4de2-9092-7a7f3369dec1', '{"action":"logout","actor_id":"0343fca9-5ab1-4348-be5b-7b7f79a064df","actor_username":"castro.oceane@laposte.net","actor_via_sso":false,"log_type":"account"}', '2025-10-25 09:20:02.10821+00', ''),
	('00000000-0000-0000-0000-000000000000', 'ea385f20-42f9-4717-bde8-e7aa4ddc3624', '{"action":"login","actor_id":"0343fca9-5ab1-4348-be5b-7b7f79a064df","actor_username":"castro.oceane@laposte.net","actor_via_sso":false,"log_type":"account","traits":{"provider":"email"}}', '2025-10-25 09:20:08.168462+00', ''),
	('00000000-0000-0000-0000-000000000000', '2f032a7e-abb9-43a7-ab04-1aebc245cea5', '{"action":"login","actor_id":"0343fca9-5ab1-4348-be5b-7b7f79a064df","actor_username":"castro.oceane@laposte.net","actor_via_sso":false,"log_type":"account","traits":{"provider":"email"}}', '2025-10-25 09:37:01.702893+00', ''),
	('00000000-0000-0000-0000-000000000000', '4d2f38bf-9881-4ce9-80a1-314cecf94827', '{"action":"login","actor_id":"0343fca9-5ab1-4348-be5b-7b7f79a064df","actor_username":"castro.oceane@laposte.net","actor_via_sso":false,"log_type":"account","traits":{"provider":"email"}}', '2025-10-25 09:37:32.690665+00', ''),
	('00000000-0000-0000-0000-000000000000', 'b42318e5-ed57-4df8-a845-fb98dcd77d0e', '{"action":"login","actor_id":"0343fca9-5ab1-4348-be5b-7b7f79a064df","actor_username":"castro.oceane@laposte.net","actor_via_sso":false,"log_type":"account","traits":{"provider":"email"}}', '2025-10-25 09:39:13.482169+00', ''),
	('00000000-0000-0000-0000-000000000000', 'efa575f2-5621-42a6-839b-8c08022c8de5', '{"action":"login","actor_id":"0343fca9-5ab1-4348-be5b-7b7f79a064df","actor_username":"castro.oceane@laposte.net","actor_via_sso":false,"log_type":"account","traits":{"provider":"email"}}', '2025-10-25 10:37:44.332556+00', ''),
	('00000000-0000-0000-0000-000000000000', '24d3f8bd-ee33-4ff5-b593-2fb60dd2a184', '{"action":"token_refreshed","actor_id":"0343fca9-5ab1-4348-be5b-7b7f79a064df","actor_username":"castro.oceane@laposte.net","actor_via_sso":false,"log_type":"token"}', '2025-10-25 15:14:11.871203+00', ''),
	('00000000-0000-0000-0000-000000000000', 'b1ebffa5-f743-4cdc-a87f-f524e7ed9650', '{"action":"token_revoked","actor_id":"0343fca9-5ab1-4348-be5b-7b7f79a064df","actor_username":"castro.oceane@laposte.net","actor_via_sso":false,"log_type":"token"}', '2025-10-25 15:14:11.872673+00', ''),
	('00000000-0000-0000-0000-000000000000', 'd8cc67ff-0f1c-44c0-8b00-9c7bb5f8f8bb', '{"action":"logout","actor_id":"0343fca9-5ab1-4348-be5b-7b7f79a064df","actor_username":"castro.oceane@laposte.net","actor_via_sso":false,"log_type":"account"}', '2025-10-25 15:14:17.181766+00', ''),
	('00000000-0000-0000-0000-000000000000', '9808fc36-ddce-427d-b152-093e51b1af18', '{"action":"login","actor_id":"0343fca9-5ab1-4348-be5b-7b7f79a064df","actor_username":"castro.oceane@laposte.net","actor_via_sso":false,"log_type":"account","traits":{"provider":"email"}}', '2025-10-25 15:52:44.615771+00', ''),
	('00000000-0000-0000-0000-000000000000', 'b99b814f-9b5a-4287-9acc-5a7da185f02f', '{"action":"token_refreshed","actor_id":"0343fca9-5ab1-4348-be5b-7b7f79a064df","actor_username":"castro.oceane@laposte.net","actor_via_sso":false,"log_type":"token"}', '2025-10-25 20:18:03.75964+00', ''),
	('00000000-0000-0000-0000-000000000000', '8fb07ba9-27cb-4463-8238-d0185d718d95', '{"action":"token_revoked","actor_id":"0343fca9-5ab1-4348-be5b-7b7f79a064df","actor_username":"castro.oceane@laposte.net","actor_via_sso":false,"log_type":"token"}', '2025-10-25 20:18:03.761549+00', ''),
	('00000000-0000-0000-0000-000000000000', '76fb76b0-1d8e-4b98-aebf-6a8a6ec37288', '{"action":"login","actor_id":"0343fca9-5ab1-4348-be5b-7b7f79a064df","actor_username":"castro.oceane@laposte.net","actor_via_sso":false,"log_type":"account","traits":{"provider":"email"}}', '2025-10-25 20:37:14.366955+00', ''),
	('00000000-0000-0000-0000-000000000000', '9880a1b1-40e6-47bf-82ed-b93db67b4e4a', '{"action":"login","actor_id":"0343fca9-5ab1-4348-be5b-7b7f79a064df","actor_username":"castro.oceane@laposte.net","actor_via_sso":false,"log_type":"account","traits":{"provider":"email"}}', '2025-10-25 20:41:23.519283+00', ''),
	('00000000-0000-0000-0000-000000000000', '4710cbf7-d84b-45d1-8d7b-8c82cc6f2593', '{"action":"login","actor_id":"0343fca9-5ab1-4348-be5b-7b7f79a064df","actor_username":"castro.oceane@laposte.net","actor_via_sso":false,"log_type":"account","traits":{"provider":"email"}}', '2025-10-25 20:43:39.323144+00', ''),
	('00000000-0000-0000-0000-000000000000', '151a701f-3690-4270-ba65-e3a10f9f079a', '{"action":"login","actor_id":"0343fca9-5ab1-4348-be5b-7b7f79a064df","actor_username":"castro.oceane@laposte.net","actor_via_sso":false,"log_type":"account","traits":{"provider":"email"}}', '2025-10-25 20:43:49.076051+00', ''),
	('00000000-0000-0000-0000-000000000000', '8e167694-54a4-4dab-8a4e-87e2bdf0bf7c', '{"action":"login","actor_id":"0343fca9-5ab1-4348-be5b-7b7f79a064df","actor_username":"castro.oceane@laposte.net","actor_via_sso":false,"log_type":"account","traits":{"provider":"email"}}', '2025-10-25 20:43:57.528055+00', ''),
	('00000000-0000-0000-0000-000000000000', 'e9d778ad-fb1c-46a4-8bb3-5ef02633d951', '{"action":"login","actor_id":"0343fca9-5ab1-4348-be5b-7b7f79a064df","actor_username":"castro.oceane@laposte.net","actor_via_sso":false,"log_type":"account","traits":{"provider":"email"}}', '2025-10-25 21:15:46.848551+00', ''),
	('00000000-0000-0000-0000-000000000000', 'dfcd09b4-6296-4d45-9059-efbaf2052810', '{"action":"token_refreshed","actor_id":"0343fca9-5ab1-4348-be5b-7b7f79a064df","actor_username":"castro.oceane@laposte.net","actor_via_sso":false,"log_type":"token"}', '2025-10-25 22:32:55.395346+00', ''),
	('00000000-0000-0000-0000-000000000000', 'beb7ea1c-e7b7-416a-ba5f-1c9d5949ec3e', '{"action":"token_revoked","actor_id":"0343fca9-5ab1-4348-be5b-7b7f79a064df","actor_username":"castro.oceane@laposte.net","actor_via_sso":false,"log_type":"token"}', '2025-10-25 22:32:55.396997+00', ''),
	('00000000-0000-0000-0000-000000000000', '054690bb-7c21-4063-8298-8e4fc51a2e45', '{"action":"token_refreshed","actor_id":"0343fca9-5ab1-4348-be5b-7b7f79a064df","actor_username":"castro.oceane@laposte.net","actor_via_sso":false,"log_type":"token"}', '2025-10-25 23:58:21.937413+00', ''),
	('00000000-0000-0000-0000-000000000000', '5a3f0584-aaa2-4eae-a7fd-d09f0064b894', '{"action":"token_revoked","actor_id":"0343fca9-5ab1-4348-be5b-7b7f79a064df","actor_username":"castro.oceane@laposte.net","actor_via_sso":false,"log_type":"token"}', '2025-10-25 23:58:21.938679+00', ''),
	('00000000-0000-0000-0000-000000000000', '5282f661-ed7f-4027-acac-25b1ba046705', '{"action":"token_refreshed","actor_id":"0343fca9-5ab1-4348-be5b-7b7f79a064df","actor_username":"castro.oceane@laposte.net","actor_via_sso":false,"log_type":"token"}', '2025-10-26 01:03:31.345714+00', ''),
	('00000000-0000-0000-0000-000000000000', 'b17f200b-b900-4884-b43e-03e89210ae99', '{"action":"token_revoked","actor_id":"0343fca9-5ab1-4348-be5b-7b7f79a064df","actor_username":"castro.oceane@laposte.net","actor_via_sso":false,"log_type":"token"}', '2025-10-26 01:03:31.347065+00', ''),
	('00000000-0000-0000-0000-000000000000', '811ac827-86c8-4e90-9b35-97c4b5eb8676', '{"action":"login","actor_id":"0343fca9-5ab1-4348-be5b-7b7f79a064df","actor_username":"castro.oceane@laposte.net","actor_via_sso":false,"log_type":"account","traits":{"provider":"email"}}', '2025-10-26 01:05:01.268329+00', ''),
	('00000000-0000-0000-0000-000000000000', '010a841d-3712-4af2-b46e-b674bf4b20f1', '{"action":"login","actor_id":"0343fca9-5ab1-4348-be5b-7b7f79a064df","actor_username":"castro.oceane@laposte.net","actor_via_sso":false,"log_type":"account","traits":{"provider":"email"}}', '2025-10-26 01:11:50.26763+00', ''),
	('00000000-0000-0000-0000-000000000000', 'c7953c39-ca7a-4520-933d-77c9d467dfdb', '{"action":"login","actor_id":"0343fca9-5ab1-4348-be5b-7b7f79a064df","actor_username":"castro.oceane@laposte.net","actor_via_sso":false,"log_type":"account","traits":{"provider":"email"}}', '2025-10-26 02:04:45.579643+00', ''),
	('00000000-0000-0000-0000-000000000000', '668fa932-7eff-4831-aa88-9a88a5f43997', '{"action":"login","actor_id":"0343fca9-5ab1-4348-be5b-7b7f79a064df","actor_username":"castro.oceane@laposte.net","actor_via_sso":false,"log_type":"account","traits":{"provider":"email"}}', '2025-10-26 02:14:23.720069+00', ''),
	('00000000-0000-0000-0000-000000000000', 'b70aec89-bb06-46a2-837b-e079489a187d', '{"action":"login","actor_id":"0343fca9-5ab1-4348-be5b-7b7f79a064df","actor_username":"castro.oceane@laposte.net","actor_via_sso":false,"log_type":"account","traits":{"provider":"email"}}', '2025-10-26 02:26:46.212448+00', ''),
	('00000000-0000-0000-0000-000000000000', 'd4ab4165-0724-4ae3-adb6-8135eca6a109', '{"action":"login","actor_id":"0343fca9-5ab1-4348-be5b-7b7f79a064df","actor_username":"castro.oceane@laposte.net","actor_via_sso":false,"log_type":"account","traits":{"provider":"email"}}', '2025-10-26 02:26:58.095287+00', ''),
	('00000000-0000-0000-0000-000000000000', '538b01b3-ed9f-469c-93e6-848d457a421a', '{"action":"login","actor_id":"0343fca9-5ab1-4348-be5b-7b7f79a064df","actor_username":"castro.oceane@laposte.net","actor_via_sso":false,"log_type":"account","traits":{"provider":"email"}}', '2025-10-26 02:33:01.777767+00', ''),
	('00000000-0000-0000-0000-000000000000', '9b934316-c8a2-4258-9968-744769d0160b', '{"action":"login","actor_id":"0343fca9-5ab1-4348-be5b-7b7f79a064df","actor_username":"castro.oceane@laposte.net","actor_via_sso":false,"log_type":"account","traits":{"provider":"email"}}', '2025-10-26 02:50:36.108548+00', ''),
	('00000000-0000-0000-0000-000000000000', '3e0a4fd0-e270-48de-bcf1-e8d122712c3c', '{"action":"login","actor_id":"0343fca9-5ab1-4348-be5b-7b7f79a064df","actor_username":"castro.oceane@laposte.net","actor_via_sso":false,"log_type":"account","traits":{"provider":"email"}}', '2025-10-26 02:50:58.994198+00', ''),
	('00000000-0000-0000-0000-000000000000', 'a5c280e6-1144-4dd9-b4df-2b5ee0745dc0', '{"action":"logout","actor_id":"0343fca9-5ab1-4348-be5b-7b7f79a064df","actor_username":"castro.oceane@laposte.net","actor_via_sso":false,"log_type":"account"}', '2025-10-26 02:54:19.569853+00', ''),
	('00000000-0000-0000-0000-000000000000', '5e70361c-14f4-4cbf-8d42-def314543b8a', '{"action":"login","actor_id":"0343fca9-5ab1-4348-be5b-7b7f79a064df","actor_username":"castro.oceane@laposte.net","actor_via_sso":false,"log_type":"account","traits":{"provider":"email"}}', '2025-10-26 02:54:25.532029+00', ''),
	('00000000-0000-0000-0000-000000000000', '3c0daea0-55e8-4024-b700-1d0e673d61b7', '{"action":"logout","actor_id":"0343fca9-5ab1-4348-be5b-7b7f79a064df","actor_username":"castro.oceane@laposte.net","actor_via_sso":false,"log_type":"account"}', '2025-10-26 02:54:29.707183+00', ''),
	('00000000-0000-0000-0000-000000000000', '346543de-c54c-4344-9630-8de662ce4453', '{"action":"login","actor_id":"0343fca9-5ab1-4348-be5b-7b7f79a064df","actor_username":"castro.oceane@laposte.net","actor_via_sso":false,"log_type":"account","traits":{"provider":"email"}}', '2025-10-26 02:59:30.893459+00', ''),
	('00000000-0000-0000-0000-000000000000', 'b01a1f70-4feb-4fd6-b25c-0fe935fdc396', '{"action":"logout","actor_id":"0343fca9-5ab1-4348-be5b-7b7f79a064df","actor_username":"castro.oceane@laposte.net","actor_via_sso":false,"log_type":"account"}', '2025-10-26 03:03:04.414461+00', ''),
	('00000000-0000-0000-0000-000000000000', 'bb0d3214-a10c-4c20-bae1-d6f5da6780fb', '{"action":"login","actor_id":"0343fca9-5ab1-4348-be5b-7b7f79a064df","actor_username":"castro.oceane@laposte.net","actor_via_sso":false,"log_type":"account","traits":{"provider":"email"}}', '2025-10-26 03:06:27.416686+00', ''),
	('00000000-0000-0000-0000-000000000000', 'c364d6b1-e2a8-4809-98c7-b96375a37765', '{"action":"logout","actor_id":"0343fca9-5ab1-4348-be5b-7b7f79a064df","actor_username":"castro.oceane@laposte.net","actor_via_sso":false,"log_type":"account"}', '2025-10-26 03:06:28.773599+00', ''),
	('00000000-0000-0000-0000-000000000000', 'a7fbcdfe-0143-4a62-86f8-99c90ccf000d', '{"action":"login","actor_id":"0343fca9-5ab1-4348-be5b-7b7f79a064df","actor_username":"castro.oceane@laposte.net","actor_via_sso":false,"log_type":"account","traits":{"provider":"email"}}', '2025-10-26 03:06:31.954741+00', ''),
	('00000000-0000-0000-0000-000000000000', '38de8293-4c39-48ac-8fec-1d4972acbbe4', '{"action":"logout","actor_id":"0343fca9-5ab1-4348-be5b-7b7f79a064df","actor_username":"castro.oceane@laposte.net","actor_via_sso":false,"log_type":"account"}', '2025-10-26 03:06:33.470365+00', ''),
	('00000000-0000-0000-0000-000000000000', 'd6a95914-82c5-44b1-916f-41c96c1107fa', '{"action":"login","actor_id":"0343fca9-5ab1-4348-be5b-7b7f79a064df","actor_username":"castro.oceane@laposte.net","actor_via_sso":false,"log_type":"account","traits":{"provider":"email"}}', '2025-10-26 03:10:07.958256+00', ''),
	('00000000-0000-0000-0000-000000000000', '79e67c55-a815-402d-b349-c27c4f0f2cb3', '{"action":"login","actor_id":"0343fca9-5ab1-4348-be5b-7b7f79a064df","actor_username":"castro.oceane@laposte.net","actor_via_sso":false,"log_type":"account","traits":{"provider":"email"}}', '2025-10-26 03:11:00.840219+00', ''),
	('00000000-0000-0000-0000-000000000000', '77ddb0b1-87e9-4dff-8ff4-7ca662dd6c21', '{"action":"login","actor_id":"0343fca9-5ab1-4348-be5b-7b7f79a064df","actor_username":"castro.oceane@laposte.net","actor_via_sso":false,"log_type":"account","traits":{"provider":"email"}}', '2025-10-26 03:11:15.038579+00', ''),
	('00000000-0000-0000-0000-000000000000', 'c786d8b3-7e13-4ec3-a5f7-52b2c953ebcd', '{"action":"login","actor_id":"0343fca9-5ab1-4348-be5b-7b7f79a064df","actor_username":"castro.oceane@laposte.net","actor_via_sso":false,"log_type":"account","traits":{"provider":"email"}}', '2025-10-26 03:11:56.176137+00', ''),
	('00000000-0000-0000-0000-000000000000', 'dacdc541-bc47-4115-8eb2-8c210ff9717b', '{"action":"login","actor_id":"0343fca9-5ab1-4348-be5b-7b7f79a064df","actor_username":"castro.oceane@laposte.net","actor_via_sso":false,"log_type":"account","traits":{"provider":"email"}}', '2025-10-26 03:12:04.553922+00', ''),
	('00000000-0000-0000-0000-000000000000', 'e496e7b4-58c8-4aeb-8cac-c16c3ce4e324', '{"action":"logout","actor_id":"0343fca9-5ab1-4348-be5b-7b7f79a064df","actor_username":"castro.oceane@laposte.net","actor_via_sso":false,"log_type":"account"}', '2025-10-26 03:12:17.966009+00', ''),
	('00000000-0000-0000-0000-000000000000', '4c3587c9-00b6-44c7-974f-f7f0698bd69c', '{"action":"login","actor_id":"0343fca9-5ab1-4348-be5b-7b7f79a064df","actor_username":"castro.oceane@laposte.net","actor_via_sso":false,"log_type":"account","traits":{"provider":"email"}}', '2025-10-26 03:12:39.123767+00', ''),
	('00000000-0000-0000-0000-000000000000', 'b6ad5bd7-f19a-41ae-a487-81a983cdaafc', '{"action":"logout","actor_id":"0343fca9-5ab1-4348-be5b-7b7f79a064df","actor_username":"castro.oceane@laposte.net","actor_via_sso":false,"log_type":"account"}', '2025-10-26 03:12:41.731592+00', ''),
	('00000000-0000-0000-0000-000000000000', '712d5e89-e1a8-4803-9de3-820ea4367e70', '{"action":"login","actor_id":"0343fca9-5ab1-4348-be5b-7b7f79a064df","actor_username":"castro.oceane@laposte.net","actor_via_sso":false,"log_type":"account","traits":{"provider":"email"}}', '2025-10-26 03:15:27.338087+00', ''),
	('00000000-0000-0000-0000-000000000000', '1e29ba48-c00b-4af6-b977-b5c1058f91cf', '{"action":"logout","actor_id":"0343fca9-5ab1-4348-be5b-7b7f79a064df","actor_username":"castro.oceane@laposte.net","actor_via_sso":false,"log_type":"account"}', '2025-10-26 03:24:45.55815+00', ''),
	('00000000-0000-0000-0000-000000000000', 'dfa728ed-cfd6-4540-a09d-fd2e9e67d59d', '{"action":"login","actor_id":"0343fca9-5ab1-4348-be5b-7b7f79a064df","actor_username":"castro.oceane@laposte.net","actor_via_sso":false,"log_type":"account","traits":{"provider":"email"}}', '2025-10-26 03:36:16.568299+00', ''),
	('00000000-0000-0000-0000-000000000000', '23e9d1ef-7ff5-4135-9368-eb5afe699d2b', '{"action":"logout","actor_id":"0343fca9-5ab1-4348-be5b-7b7f79a064df","actor_username":"castro.oceane@laposte.net","actor_via_sso":false,"log_type":"account"}', '2025-10-26 03:36:20.266159+00', ''),
	('00000000-0000-0000-0000-000000000000', 'a53f454e-8422-47ef-ae9c-865c4308043e', '{"action":"login","actor_id":"0343fca9-5ab1-4348-be5b-7b7f79a064df","actor_username":"castro.oceane@laposte.net","actor_via_sso":false,"log_type":"account","traits":{"provider":"email"}}', '2025-10-26 03:40:53.739714+00', ''),
	('00000000-0000-0000-0000-000000000000', '931a4cd9-f28a-4741-9530-8419eb93d1c9', '{"action":"logout","actor_id":"0343fca9-5ab1-4348-be5b-7b7f79a064df","actor_username":"castro.oceane@laposte.net","actor_via_sso":false,"log_type":"account"}', '2025-10-26 03:48:23.781813+00', ''),
	('00000000-0000-0000-0000-000000000000', '1c3dfc2a-f850-4d4d-8231-e0a2165f29e4', '{"action":"login","actor_id":"0343fca9-5ab1-4348-be5b-7b7f79a064df","actor_username":"castro.oceane@laposte.net","actor_via_sso":false,"log_type":"account","traits":{"provider":"email"}}', '2025-10-26 03:54:23.872532+00', ''),
	('00000000-0000-0000-0000-000000000000', '02d4d4d4-4fc0-4daf-944e-18ddb14c2f28', '{"action":"token_refreshed","actor_id":"0343fca9-5ab1-4348-be5b-7b7f79a064df","actor_username":"castro.oceane@laposte.net","actor_via_sso":false,"log_type":"token"}', '2025-10-26 12:23:12.599037+00', ''),
	('00000000-0000-0000-0000-000000000000', '34eaf0bf-4ec9-4c13-a131-f74e269fc8c8', '{"action":"logout","actor_id":"0343fca9-5ab1-4348-be5b-7b7f79a064df","actor_username":"castro.oceane@laposte.net","actor_via_sso":false,"log_type":"account"}', '2025-10-26 12:23:19.850471+00', ''),
	('00000000-0000-0000-0000-000000000000', '5f3cfb85-95a5-46fe-91bc-ef52f919e84e', '{"action":"login","actor_id":"0343fca9-5ab1-4348-be5b-7b7f79a064df","actor_username":"castro.oceane@laposte.net","actor_via_sso":false,"log_type":"account","traits":{"provider":"email"}}', '2025-10-26 12:25:24.759912+00', ''),
	('00000000-0000-0000-0000-000000000000', '3f1bb10a-a589-4692-9f58-2fc7b3b7d2ba', '{"action":"logout","actor_id":"0343fca9-5ab1-4348-be5b-7b7f79a064df","actor_username":"castro.oceane@laposte.net","actor_via_sso":false,"log_type":"account"}', '2025-10-26 12:25:52.552518+00', ''),
	('00000000-0000-0000-0000-000000000000', '5390550b-44a5-49de-99a0-772ec73b52d1', '{"action":"login","actor_id":"0343fca9-5ab1-4348-be5b-7b7f79a064df","actor_username":"castro.oceane@laposte.net","actor_via_sso":false,"log_type":"account","traits":{"provider":"email"}}', '2025-10-26 12:26:12.168349+00', ''),
	('00000000-0000-0000-0000-000000000000', '65e913bb-efc5-4373-82c5-8e1b537e11c7', '{"action":"token_refreshed","actor_id":"0343fca9-5ab1-4348-be5b-7b7f79a064df","actor_username":"castro.oceane@laposte.net","actor_via_sso":false,"log_type":"token"}', '2025-10-26 13:24:48.539938+00', ''),
	('00000000-0000-0000-0000-000000000000', 'e800e81a-0233-474c-b071-9cab3bdd673f', '{"action":"token_revoked","actor_id":"0343fca9-5ab1-4348-be5b-7b7f79a064df","actor_username":"castro.oceane@laposte.net","actor_via_sso":false,"log_type":"token"}', '2025-10-26 13:24:48.541085+00', ''),
	('00000000-0000-0000-0000-000000000000', 'e6ce282b-bdf5-4628-9490-9fde9bf3397d', '{"action":"token_refreshed","actor_id":"0343fca9-5ab1-4348-be5b-7b7f79a064df","actor_username":"castro.oceane@laposte.net","actor_via_sso":false,"log_type":"token"}', '2025-10-26 15:15:55.988839+00', ''),
	('00000000-0000-0000-0000-000000000000', '8e176b79-435e-4668-b55a-6147ab23136d', '{"action":"token_revoked","actor_id":"0343fca9-5ab1-4348-be5b-7b7f79a064df","actor_username":"castro.oceane@laposte.net","actor_via_sso":false,"log_type":"token"}', '2025-10-26 15:15:55.990261+00', ''),
	('00000000-0000-0000-0000-000000000000', '7cef69b3-0281-4c48-a6d2-4ab51c720020', '{"action":"logout","actor_id":"0343fca9-5ab1-4348-be5b-7b7f79a064df","actor_username":"castro.oceane@laposte.net","actor_via_sso":false,"log_type":"account"}', '2025-10-26 15:22:41.668574+00', ''),
	('00000000-0000-0000-0000-000000000000', 'b4aaf7e4-138a-4dc4-9fdd-9c1e4d5e0960', '{"action":"login","actor_id":"0343fca9-5ab1-4348-be5b-7b7f79a064df","actor_username":"castro.oceane@laposte.net","actor_via_sso":false,"log_type":"account","traits":{"provider":"email"}}', '2025-10-26 15:22:57.571573+00', ''),
	('00000000-0000-0000-0000-000000000000', '8979504b-9629-488f-a384-289e6f7806fc', '{"action":"logout","actor_id":"0343fca9-5ab1-4348-be5b-7b7f79a064df","actor_username":"castro.oceane@laposte.net","actor_via_sso":false,"log_type":"account"}', '2025-10-26 15:54:29.242957+00', ''),
	('00000000-0000-0000-0000-000000000000', '6c400811-8dc6-4e68-8a35-79f6f6405e6d', '{"action":"login","actor_id":"0343fca9-5ab1-4348-be5b-7b7f79a064df","actor_username":"castro.oceane@laposte.net","actor_via_sso":false,"log_type":"account","traits":{"provider":"email"}}', '2025-10-27 09:16:57.037543+00', ''),
	('00000000-0000-0000-0000-000000000000', '83e9749b-b9ce-4ee7-9268-39b5844ae30b', '{"action":"logout","actor_id":"0343fca9-5ab1-4348-be5b-7b7f79a064df","actor_username":"castro.oceane@laposte.net","actor_via_sso":false,"log_type":"account"}', '2025-10-27 09:26:36.380522+00', ''),
	('00000000-0000-0000-0000-000000000000', '6c7686c1-0162-474d-a683-7eb5ff3577e6', '{"action":"login","actor_id":"0343fca9-5ab1-4348-be5b-7b7f79a064df","actor_username":"castro.oceane@laposte.net","actor_via_sso":false,"log_type":"account","traits":{"provider":"email"}}', '2025-10-28 11:43:31.484582+00', ''),
	('00000000-0000-0000-0000-000000000000', 'a6a6f4ec-ba55-45fb-b09a-2fb92e945e1d', '{"action":"token_refreshed","actor_id":"0343fca9-5ab1-4348-be5b-7b7f79a064df","actor_username":"castro.oceane@laposte.net","actor_via_sso":false,"log_type":"token"}', '2025-10-28 21:42:47.292921+00', ''),
	('00000000-0000-0000-0000-000000000000', 'cbdd72fc-c700-49a4-9fd2-a28d8ddbb172', '{"action":"token_revoked","actor_id":"0343fca9-5ab1-4348-be5b-7b7f79a064df","actor_username":"castro.oceane@laposte.net","actor_via_sso":false,"log_type":"token"}', '2025-10-28 21:42:47.294442+00', ''),
	('00000000-0000-0000-0000-000000000000', 'e38b3030-1c3d-4488-9719-ff042a2c927c', '{"action":"token_refreshed","actor_id":"0343fca9-5ab1-4348-be5b-7b7f79a064df","actor_username":"castro.oceane@laposte.net","actor_via_sso":false,"log_type":"token"}', '2025-10-28 22:55:07.523882+00', ''),
	('00000000-0000-0000-0000-000000000000', '94b07e21-2751-4152-9a46-0a63b310bf6c', '{"action":"token_revoked","actor_id":"0343fca9-5ab1-4348-be5b-7b7f79a064df","actor_username":"castro.oceane@laposte.net","actor_via_sso":false,"log_type":"token"}', '2025-10-28 22:55:07.525272+00', ''),
	('00000000-0000-0000-0000-000000000000', 'd5a43c53-6598-4d38-abc9-fe244c26a56f', '{"action":"token_refreshed","actor_id":"0343fca9-5ab1-4348-be5b-7b7f79a064df","actor_username":"castro.oceane@laposte.net","actor_via_sso":false,"log_type":"token"}', '2025-10-29 00:09:23.22464+00', ''),
	('00000000-0000-0000-0000-000000000000', '420e2bca-3e89-4470-82e4-2e32972b61f1', '{"action":"token_revoked","actor_id":"0343fca9-5ab1-4348-be5b-7b7f79a064df","actor_username":"castro.oceane@laposte.net","actor_via_sso":false,"log_type":"token"}', '2025-10-29 00:09:23.225641+00', ''),
	('00000000-0000-0000-0000-000000000000', 'e002d0ce-a5a2-4bc0-8a84-60a9b07af5f2', '{"action":"token_refreshed","actor_id":"0343fca9-5ab1-4348-be5b-7b7f79a064df","actor_username":"castro.oceane@laposte.net","actor_via_sso":false,"log_type":"token"}', '2025-10-29 01:08:34.538246+00', ''),
	('00000000-0000-0000-0000-000000000000', '37227456-b232-424a-8bfb-c4b71a2c6b88', '{"action":"token_revoked","actor_id":"0343fca9-5ab1-4348-be5b-7b7f79a064df","actor_username":"castro.oceane@laposte.net","actor_via_sso":false,"log_type":"token"}', '2025-10-29 01:08:34.539452+00', ''),
	('00000000-0000-0000-0000-000000000000', '7c650ab3-ced9-40ad-9830-1b6ab8454cfd', '{"action":"login","actor_id":"0343fca9-5ab1-4348-be5b-7b7f79a064df","actor_username":"castro.oceane@laposte.net","actor_via_sso":false,"log_type":"account","traits":{"provider":"email"}}', '2025-10-29 01:35:51.632027+00', ''),
	('00000000-0000-0000-0000-000000000000', 'fd8b52cd-bf67-4c5c-8178-ee6d47dbe162', '{"action":"login","actor_id":"0343fca9-5ab1-4348-be5b-7b7f79a064df","actor_username":"castro.oceane@laposte.net","actor_via_sso":false,"log_type":"account","traits":{"provider":"email"}}', '2025-10-29 01:36:15.875774+00', ''),
	('00000000-0000-0000-0000-000000000000', '461a46d0-1329-4ba3-984c-993ca1573009', '{"action":"logout","actor_id":"0343fca9-5ab1-4348-be5b-7b7f79a064df","actor_username":"castro.oceane@laposte.net","actor_via_sso":false,"log_type":"account"}', '2025-10-29 01:40:10.968445+00', ''),
	('00000000-0000-0000-0000-000000000000', '593a810a-2801-40ab-b4c3-1acc4d0ac8f6', '{"action":"login","actor_id":"0343fca9-5ab1-4348-be5b-7b7f79a064df","actor_username":"castro.oceane@laposte.net","actor_via_sso":false,"log_type":"account","traits":{"provider":"email"}}', '2025-10-29 01:40:39.98404+00', ''),
	('00000000-0000-0000-0000-000000000000', 'd2dd4ec8-6fd1-4f99-a035-cfa3756fa9a3', '{"action":"logout","actor_id":"0343fca9-5ab1-4348-be5b-7b7f79a064df","actor_username":"castro.oceane@laposte.net","actor_via_sso":false,"log_type":"account"}', '2025-10-29 01:43:21.73671+00', ''),
	('00000000-0000-0000-0000-000000000000', '5d6fcbb0-d856-43c0-9591-ed2306772d72', '{"action":"login","actor_id":"0343fca9-5ab1-4348-be5b-7b7f79a064df","actor_username":"castro.oceane@laposte.net","actor_via_sso":false,"log_type":"account","traits":{"provider":"email"}}', '2025-10-29 01:43:27.101507+00', ''),
	('00000000-0000-0000-0000-000000000000', 'f062b30d-6b1d-43a9-b4d6-35ecad18b6e8', '{"action":"logout","actor_id":"0343fca9-5ab1-4348-be5b-7b7f79a064df","actor_username":"castro.oceane@laposte.net","actor_via_sso":false,"log_type":"account"}', '2025-10-29 01:44:56.975411+00', ''),
	('00000000-0000-0000-0000-000000000000', '63f171fb-895f-45ce-a439-efb9cf3c6a5d', '{"action":"login","actor_id":"0343fca9-5ab1-4348-be5b-7b7f79a064df","actor_username":"castro.oceane@laposte.net","actor_via_sso":false,"log_type":"account","traits":{"provider":"email"}}', '2025-10-29 01:45:22.600432+00', ''),
	('00000000-0000-0000-0000-000000000000', '1d0a8b0c-edad-442c-b54a-ff3546561de6', '{"action":"logout","actor_id":"0343fca9-5ab1-4348-be5b-7b7f79a064df","actor_username":"castro.oceane@laposte.net","actor_via_sso":false,"log_type":"account"}', '2025-10-29 01:45:28.272786+00', ''),
	('00000000-0000-0000-0000-000000000000', 'ce4803c2-a1f8-4d96-ad8f-aa25821558b1', '{"action":"login","actor_id":"0343fca9-5ab1-4348-be5b-7b7f79a064df","actor_username":"castro.oceane@laposte.net","actor_via_sso":false,"log_type":"account","traits":{"provider":"email"}}', '2025-10-29 01:47:21.844314+00', ''),
	('00000000-0000-0000-0000-000000000000', '35977770-dfc4-42d0-8d73-50b311e24a59', '{"action":"logout","actor_id":"0343fca9-5ab1-4348-be5b-7b7f79a064df","actor_username":"castro.oceane@laposte.net","actor_via_sso":false,"log_type":"account"}', '2025-10-29 01:48:01.321122+00', ''),
	('00000000-0000-0000-0000-000000000000', 'ad81d227-7c1c-4c1e-8117-5f7f7b6026f1', '{"action":"login","actor_id":"0343fca9-5ab1-4348-be5b-7b7f79a064df","actor_username":"castro.oceane@laposte.net","actor_via_sso":false,"log_type":"account","traits":{"provider":"email"}}', '2025-10-29 01:59:51.614556+00', ''),
	('00000000-0000-0000-0000-000000000000', '9995daf4-b843-4329-b649-c618dc065c73', '{"action":"logout","actor_id":"0343fca9-5ab1-4348-be5b-7b7f79a064df","actor_username":"castro.oceane@laposte.net","actor_via_sso":false,"log_type":"account"}', '2025-10-29 02:00:20.349535+00', ''),
	('00000000-0000-0000-0000-000000000000', '74a6d642-314a-4480-b26e-5d5de48b037b', '{"action":"login","actor_id":"0343fca9-5ab1-4348-be5b-7b7f79a064df","actor_username":"castro.oceane@laposte.net","actor_via_sso":false,"log_type":"account","traits":{"provider":"email"}}', '2025-10-29 02:00:39.020158+00', ''),
	('00000000-0000-0000-0000-000000000000', 'c1389005-ca60-4f96-a6d2-55a29798a823', '{"action":"logout","actor_id":"0343fca9-5ab1-4348-be5b-7b7f79a064df","actor_username":"castro.oceane@laposte.net","actor_via_sso":false,"log_type":"account"}', '2025-10-29 02:09:15.351365+00', ''),
	('00000000-0000-0000-0000-000000000000', 'feffb62c-75a5-4522-a7ff-f8d7a5705b1b', '{"action":"login","actor_id":"0343fca9-5ab1-4348-be5b-7b7f79a064df","actor_username":"castro.oceane@laposte.net","actor_via_sso":false,"log_type":"account","traits":{"provider":"email"}}', '2025-10-29 02:10:53.758422+00', ''),
	('00000000-0000-0000-0000-000000000000', '64c6720c-8cb6-464d-be5d-a534d053e971', '{"action":"login","actor_id":"0343fca9-5ab1-4348-be5b-7b7f79a064df","actor_username":"castro.oceane@laposte.net","actor_via_sso":false,"log_type":"account","traits":{"provider":"email"}}', '2025-10-29 02:14:36.125082+00', ''),
	('00000000-0000-0000-0000-000000000000', 'f7ba958a-b810-425a-9cc0-d2e19090962c', '{"action":"logout","actor_id":"0343fca9-5ab1-4348-be5b-7b7f79a064df","actor_username":"castro.oceane@laposte.net","actor_via_sso":false,"log_type":"account"}', '2025-10-29 02:14:49.552952+00', ''),
	('00000000-0000-0000-0000-000000000000', 'afa39b40-0239-4cba-a7f0-3faffbd0b2ff', '{"action":"login","actor_id":"0343fca9-5ab1-4348-be5b-7b7f79a064df","actor_username":"castro.oceane@laposte.net","actor_via_sso":false,"log_type":"account","traits":{"provider":"email"}}', '2025-10-29 02:14:57.345017+00', ''),
	('00000000-0000-0000-0000-000000000000', '9fe1f65b-8eb3-4b18-aaf8-b275500ab236', '{"action":"logout","actor_id":"0343fca9-5ab1-4348-be5b-7b7f79a064df","actor_username":"castro.oceane@laposte.net","actor_via_sso":false,"log_type":"account"}', '2025-10-29 02:15:13.224691+00', ''),
	('00000000-0000-0000-0000-000000000000', 'fbc0e634-529d-428b-bfb5-d6ad99965c8a', '{"action":"login","actor_id":"0343fca9-5ab1-4348-be5b-7b7f79a064df","actor_username":"castro.oceane@laposte.net","actor_via_sso":false,"log_type":"account","traits":{"provider":"email"}}', '2025-10-29 02:33:14.753775+00', ''),
	('00000000-0000-0000-0000-000000000000', 'a26c7320-bb63-48f0-a4c1-dba8faa7273b', '{"action":"login","actor_id":"0343fca9-5ab1-4348-be5b-7b7f79a064df","actor_username":"castro.oceane@laposte.net","actor_via_sso":false,"log_type":"account","traits":{"provider":"email"}}', '2025-10-29 02:56:41.192239+00', ''),
	('00000000-0000-0000-0000-000000000000', '55896f28-730f-4cfc-87a9-280acdde4858', '{"action":"login","actor_id":"0343fca9-5ab1-4348-be5b-7b7f79a064df","actor_username":"castro.oceane@laposte.net","actor_via_sso":false,"log_type":"account","traits":{"provider":"email"}}', '2025-10-29 02:56:58.560539+00', ''),
	('00000000-0000-0000-0000-000000000000', '179c55ed-6e67-4b4c-9a28-8cf8a35d94c7', '{"action":"login","actor_id":"0343fca9-5ab1-4348-be5b-7b7f79a064df","actor_username":"castro.oceane@laposte.net","actor_via_sso":false,"log_type":"account","traits":{"provider":"email"}}', '2025-10-29 02:57:31.147397+00', ''),
	('00000000-0000-0000-0000-000000000000', '2bc10e44-9bc4-4ad4-8169-dd8787ad11cf', '{"action":"logout","actor_id":"0343fca9-5ab1-4348-be5b-7b7f79a064df","actor_username":"castro.oceane@laposte.net","actor_via_sso":false,"log_type":"account"}', '2025-10-29 03:00:07.051585+00', ''),
	('00000000-0000-0000-0000-000000000000', '5adbcb2f-b613-4865-bebf-a5548214b77b', '{"action":"login","actor_id":"0343fca9-5ab1-4348-be5b-7b7f79a064df","actor_username":"castro.oceane@laposte.net","actor_via_sso":false,"log_type":"account","traits":{"provider":"email"}}', '2025-10-29 03:02:22.831964+00', ''),
	('00000000-0000-0000-0000-000000000000', 'bbe761f4-df8f-4961-beac-e795e9918d6f', '{"action":"logout","actor_id":"0343fca9-5ab1-4348-be5b-7b7f79a064df","actor_username":"castro.oceane@laposte.net","actor_via_sso":false,"log_type":"account"}', '2025-10-29 03:05:39.594134+00', ''),
	('00000000-0000-0000-0000-000000000000', '3e01fce5-cb06-482a-b52a-c07500b3b06b', '{"action":"login","actor_id":"0343fca9-5ab1-4348-be5b-7b7f79a064df","actor_username":"castro.oceane@laposte.net","actor_via_sso":false,"log_type":"account","traits":{"provider":"email"}}', '2025-10-29 03:50:39.033659+00', ''),
	('00000000-0000-0000-0000-000000000000', 'ddf390ee-7139-4da8-be30-52b4cc275f29', '{"action":"logout","actor_id":"0343fca9-5ab1-4348-be5b-7b7f79a064df","actor_username":"castro.oceane@laposte.net","actor_via_sso":false,"log_type":"account"}', '2025-10-29 03:57:42.329758+00', ''),
	('00000000-0000-0000-0000-000000000000', '111592a5-07b5-43ae-bd31-a9285524dfdb', '{"action":"login","actor_id":"0343fca9-5ab1-4348-be5b-7b7f79a064df","actor_username":"castro.oceane@laposte.net","actor_via_sso":false,"log_type":"account","traits":{"provider":"email"}}', '2025-10-29 03:58:10.487017+00', ''),
	('00000000-0000-0000-0000-000000000000', '8f81dbd9-c6d8-4085-a69c-42fcf6a2a6f7', '{"action":"logout","actor_id":"0343fca9-5ab1-4348-be5b-7b7f79a064df","actor_username":"castro.oceane@laposte.net","actor_via_sso":false,"log_type":"account"}', '2025-10-29 04:08:07.019626+00', ''),
	('00000000-0000-0000-0000-000000000000', '38da14d8-5527-4a8c-b69c-0e7e008b3dd7', '{"action":"login","actor_id":"0343fca9-5ab1-4348-be5b-7b7f79a064df","actor_username":"castro.oceane@laposte.net","actor_via_sso":false,"log_type":"account","traits":{"provider":"email"}}', '2025-10-29 04:08:54.267583+00', ''),
	('00000000-0000-0000-0000-000000000000', 'fcec7cd7-171d-417d-88b0-790e54731ee6', '{"action":"token_refreshed","actor_id":"0343fca9-5ab1-4348-be5b-7b7f79a064df","actor_username":"castro.oceane@laposte.net","actor_via_sso":false,"log_type":"token"}', '2025-10-29 14:19:58.283813+00', ''),
	('00000000-0000-0000-0000-000000000000', '182bd29b-2cf4-4dd8-8422-4c0c7ef7ac91', '{"action":"token_revoked","actor_id":"0343fca9-5ab1-4348-be5b-7b7f79a064df","actor_username":"castro.oceane@laposte.net","actor_via_sso":false,"log_type":"token"}', '2025-10-29 14:19:58.284887+00', ''),
	('00000000-0000-0000-0000-000000000000', '99ce46a2-cdcc-4490-8e1f-26ea4c8a106c', '{"action":"logout","actor_id":"0343fca9-5ab1-4348-be5b-7b7f79a064df","actor_username":"castro.oceane@laposte.net","actor_via_sso":false,"log_type":"account"}', '2025-10-29 14:21:04.171903+00', ''),
	('00000000-0000-0000-0000-000000000000', 'aedebfc0-8f7d-4861-b362-647f3310be22', '{"action":"login","actor_id":"0343fca9-5ab1-4348-be5b-7b7f79a064df","actor_username":"castro.oceane@laposte.net","actor_via_sso":false,"log_type":"account","traits":{"provider":"email"}}', '2025-10-29 14:41:26.417189+00', ''),
	('00000000-0000-0000-0000-000000000000', '62bf4d34-bf9e-42f0-b6a8-b7c6358ca4ae', '{"action":"logout","actor_id":"0343fca9-5ab1-4348-be5b-7b7f79a064df","actor_username":"castro.oceane@laposte.net","actor_via_sso":false,"log_type":"account"}', '2025-10-29 14:50:34.256012+00', ''),
	('00000000-0000-0000-0000-000000000000', '382fe159-c09a-45f3-a943-ff8b9dd80799', '{"action":"login","actor_id":"0343fca9-5ab1-4348-be5b-7b7f79a064df","actor_username":"castro.oceane@laposte.net","actor_via_sso":false,"log_type":"account","traits":{"provider":"email"}}', '2025-10-29 14:54:42.441275+00', ''),
	('00000000-0000-0000-0000-000000000000', '059a9184-845b-4a51-b688-0481dc4bca3d', '{"action":"logout","actor_id":"0343fca9-5ab1-4348-be5b-7b7f79a064df","actor_username":"castro.oceane@laposte.net","actor_via_sso":false,"log_type":"account"}', '2025-10-29 14:56:54.914252+00', ''),
	('00000000-0000-0000-0000-000000000000', '998b8fa1-1a97-4d06-86dc-633ec28dc207', '{"action":"login","actor_id":"0343fca9-5ab1-4348-be5b-7b7f79a064df","actor_username":"castro.oceane@laposte.net","actor_via_sso":false,"log_type":"account","traits":{"provider":"email"}}', '2025-10-29 15:35:38.510883+00', ''),
	('00000000-0000-0000-0000-000000000000', '876e93e6-f780-4a45-948e-12421d7c9683', '{"action":"login","actor_id":"0343fca9-5ab1-4348-be5b-7b7f79a064df","actor_username":"castro.oceane@laposte.net","actor_via_sso":false,"log_type":"account","traits":{"provider":"email"}}', '2025-10-29 16:33:56.20237+00', ''),
	('00000000-0000-0000-0000-000000000000', '0b1faec0-10a2-4624-bed7-fc17dbd06e4c', '{"action":"token_refreshed","actor_id":"0343fca9-5ab1-4348-be5b-7b7f79a064df","actor_username":"castro.oceane@laposte.net","actor_via_sso":false,"log_type":"token"}', '2025-10-29 19:32:03.546182+00', ''),
	('00000000-0000-0000-0000-000000000000', '53bbd270-6554-4d08-a0a0-bfeb8cdeea53', '{"action":"token_revoked","actor_id":"0343fca9-5ab1-4348-be5b-7b7f79a064df","actor_username":"castro.oceane@laposte.net","actor_via_sso":false,"log_type":"token"}', '2025-10-29 19:32:03.547891+00', ''),
	('00000000-0000-0000-0000-000000000000', '8d8b660e-c100-45ad-b01b-81909ecb65ce', '{"action":"logout","actor_id":"0343fca9-5ab1-4348-be5b-7b7f79a064df","actor_username":"castro.oceane@laposte.net","actor_via_sso":false,"log_type":"account"}', '2025-10-29 19:32:06.422091+00', ''),
	('00000000-0000-0000-0000-000000000000', '0e084314-df04-4433-9977-f9f0c3f6a220', '{"action":"login","actor_id":"0343fca9-5ab1-4348-be5b-7b7f79a064df","actor_username":"castro.oceane@laposte.net","actor_via_sso":false,"log_type":"account","traits":{"provider":"email"}}', '2025-10-29 19:32:36.935511+00', ''),
	('00000000-0000-0000-0000-000000000000', '301548a3-b73f-464f-9dee-e17bce87c860', '{"action":"logout","actor_id":"0343fca9-5ab1-4348-be5b-7b7f79a064df","actor_username":"castro.oceane@laposte.net","actor_via_sso":false,"log_type":"account"}', '2025-10-29 19:50:05.190979+00', ''),
	('00000000-0000-0000-0000-000000000000', '12156747-5202-48b7-9110-29dfc8bb5fe7', '{"action":"login","actor_id":"0343fca9-5ab1-4348-be5b-7b7f79a064df","actor_username":"castro.oceane@laposte.net","actor_via_sso":false,"log_type":"account","traits":{"provider":"email"}}', '2025-10-29 19:51:03.831015+00', ''),
	('00000000-0000-0000-0000-000000000000', '0c48d523-2eca-4477-a6ea-9192993e8c19', '{"action":"logout","actor_id":"0343fca9-5ab1-4348-be5b-7b7f79a064df","actor_username":"castro.oceane@laposte.net","actor_via_sso":false,"log_type":"account"}', '2025-10-29 20:08:54.619787+00', ''),
	('00000000-0000-0000-0000-000000000000', '3918dbc4-5442-4423-8a29-4a3eed4d1675', '{"action":"login","actor_id":"0343fca9-5ab1-4348-be5b-7b7f79a064df","actor_username":"castro.oceane@laposte.net","actor_via_sso":false,"log_type":"account","traits":{"provider":"email"}}', '2025-10-29 20:12:07.35375+00', ''),
	('00000000-0000-0000-0000-000000000000', '4aa17ba6-87d3-476c-846e-c0aea99c48b3', '{"action":"logout","actor_id":"0343fca9-5ab1-4348-be5b-7b7f79a064df","actor_username":"castro.oceane@laposte.net","actor_via_sso":false,"log_type":"account"}', '2025-10-29 20:29:38.674428+00', ''),
	('00000000-0000-0000-0000-000000000000', 'e9fc0f8c-ddb2-4edd-8fea-536ed48ab8f7', '{"action":"login","actor_id":"0343fca9-5ab1-4348-be5b-7b7f79a064df","actor_username":"castro.oceane@laposte.net","actor_via_sso":false,"log_type":"account","traits":{"provider":"email"}}', '2025-10-29 20:29:43.947174+00', ''),
	('00000000-0000-0000-0000-000000000000', '880c8ebc-1103-48fc-ab14-cda35982efe0', '{"action":"login","actor_id":"0343fca9-5ab1-4348-be5b-7b7f79a064df","actor_username":"castro.oceane@laposte.net","actor_via_sso":false,"log_type":"account","traits":{"provider":"email"}}', '2025-10-29 20:30:31.463787+00', ''),
	('00000000-0000-0000-0000-000000000000', '9be19ed9-cb8a-482c-9ecf-e81d59954969', '{"action":"login","actor_id":"0343fca9-5ab1-4348-be5b-7b7f79a064df","actor_username":"castro.oceane@laposte.net","actor_via_sso":false,"log_type":"account","traits":{"provider":"email"}}', '2025-10-29 20:30:39.808321+00', ''),
	('00000000-0000-0000-0000-000000000000', '7935ba8a-1a44-45ca-934d-6d31b11bd775', '{"action":"login","actor_id":"0343fca9-5ab1-4348-be5b-7b7f79a064df","actor_username":"castro.oceane@laposte.net","actor_via_sso":false,"log_type":"account","traits":{"provider":"email"}}', '2025-10-29 20:30:56.129486+00', ''),
	('00000000-0000-0000-0000-000000000000', '78de248d-d951-42f8-b6b3-3344e9ec1433', '{"action":"login","actor_id":"0343fca9-5ab1-4348-be5b-7b7f79a064df","actor_username":"castro.oceane@laposte.net","actor_via_sso":false,"log_type":"account","traits":{"provider":"email"}}', '2025-10-29 20:31:34.312468+00', ''),
	('00000000-0000-0000-0000-000000000000', 'c0a2ff4a-684e-48dd-9aef-5021da2d3f15', '{"action":"logout","actor_id":"0343fca9-5ab1-4348-be5b-7b7f79a064df","actor_username":"castro.oceane@laposte.net","actor_via_sso":false,"log_type":"account"}', '2025-10-29 20:31:49.915579+00', ''),
	('00000000-0000-0000-0000-000000000000', 'be6bb7f7-d7fd-40e4-baf3-450046c52d1c', '{"action":"login","actor_id":"0343fca9-5ab1-4348-be5b-7b7f79a064df","actor_username":"castro.oceane@laposte.net","actor_via_sso":false,"log_type":"account","traits":{"provider":"email"}}', '2025-10-29 20:31:51.346052+00', ''),
	('00000000-0000-0000-0000-000000000000', '3b988b33-1ca0-4842-9a84-4d4acd2063a8', '{"action":"logout","actor_id":"0343fca9-5ab1-4348-be5b-7b7f79a064df","actor_username":"castro.oceane@laposte.net","actor_via_sso":false,"log_type":"account"}', '2025-10-29 20:34:09.61165+00', ''),
	('00000000-0000-0000-0000-000000000000', 'e42e2c22-284b-4d5b-9068-d7fe40e4cf8b', '{"action":"login","actor_id":"0343fca9-5ab1-4348-be5b-7b7f79a064df","actor_username":"castro.oceane@laposte.net","actor_via_sso":false,"log_type":"account","traits":{"provider":"email"}}', '2025-10-29 20:35:23.966816+00', ''),
	('00000000-0000-0000-0000-000000000000', '3f0d684d-375c-40ed-b2d8-149b6bb1354f', '{"action":"logout","actor_id":"0343fca9-5ab1-4348-be5b-7b7f79a064df","actor_username":"castro.oceane@laposte.net","actor_via_sso":false,"log_type":"account"}', '2025-10-29 20:38:06.124755+00', ''),
	('00000000-0000-0000-0000-000000000000', '983bee55-1812-4329-bc70-39fef70fad1a', '{"action":"login","actor_id":"0343fca9-5ab1-4348-be5b-7b7f79a064df","actor_username":"castro.oceane@laposte.net","actor_via_sso":false,"log_type":"account","traits":{"provider":"email"}}', '2025-10-29 21:03:24.884599+00', ''),
	('00000000-0000-0000-0000-000000000000', '4f1d8c97-9c75-4d69-b2ec-ea857597c085', '{"action":"logout","actor_id":"0343fca9-5ab1-4348-be5b-7b7f79a064df","actor_username":"castro.oceane@laposte.net","actor_via_sso":false,"log_type":"account"}', '2025-10-29 21:05:36.019755+00', ''),
	('00000000-0000-0000-0000-000000000000', 'f7ccace0-5c25-4d5d-8bbc-9072e80b8768', '{"action":"login","actor_id":"0343fca9-5ab1-4348-be5b-7b7f79a064df","actor_username":"castro.oceane@laposte.net","actor_via_sso":false,"log_type":"account","traits":{"provider":"email"}}', '2025-10-29 21:06:57.924358+00', ''),
	('00000000-0000-0000-0000-000000000000', 'd55fc27c-d820-433c-ba0c-6fd4b4247443', '{"action":"logout","actor_id":"0343fca9-5ab1-4348-be5b-7b7f79a064df","actor_username":"castro.oceane@laposte.net","actor_via_sso":false,"log_type":"account"}', '2025-10-29 21:32:48.706757+00', ''),
	('00000000-0000-0000-0000-000000000000', '66a69304-deaa-49d9-abab-00f142c63bca', '{"action":"login","actor_id":"0343fca9-5ab1-4348-be5b-7b7f79a064df","actor_username":"castro.oceane@laposte.net","actor_via_sso":false,"log_type":"account","traits":{"provider":"email"}}', '2025-10-29 21:34:53.661331+00', ''),
	('00000000-0000-0000-0000-000000000000', '68a14844-5a05-4e01-b4c2-e3e76fe807f6', '{"action":"login","actor_id":"0343fca9-5ab1-4348-be5b-7b7f79a064df","actor_username":"castro.oceane@laposte.net","actor_via_sso":false,"log_type":"account","traits":{"provider":"email"}}', '2025-10-29 21:35:02.83395+00', ''),
	('00000000-0000-0000-0000-000000000000', '700af478-184d-44ff-a725-ad34cfcc277f', '{"action":"login","actor_id":"0343fca9-5ab1-4348-be5b-7b7f79a064df","actor_username":"castro.oceane@laposte.net","actor_via_sso":false,"log_type":"account","traits":{"provider":"email"}}', '2025-10-29 21:35:27.189634+00', ''),
	('00000000-0000-0000-0000-000000000000', 'adc8c9da-5f68-4146-af44-cdf8bf1fa93f', '{"action":"login","actor_id":"0343fca9-5ab1-4348-be5b-7b7f79a064df","actor_username":"castro.oceane@laposte.net","actor_via_sso":false,"log_type":"account","traits":{"provider":"email"}}', '2025-10-29 21:36:39.662022+00', ''),
	('00000000-0000-0000-0000-000000000000', '108642da-a5bd-4402-a916-3f4c6c0863ba', '{"action":"logout","actor_id":"0343fca9-5ab1-4348-be5b-7b7f79a064df","actor_username":"castro.oceane@laposte.net","actor_via_sso":false,"log_type":"account"}', '2025-10-29 21:56:29.26924+00', ''),
	('00000000-0000-0000-0000-000000000000', 'cd9cb03e-97bd-4733-9198-61e5dae1404d', '{"action":"login","actor_id":"0343fca9-5ab1-4348-be5b-7b7f79a064df","actor_username":"castro.oceane@laposte.net","actor_via_sso":false,"log_type":"account","traits":{"provider":"email"}}', '2025-10-29 21:56:36.133942+00', ''),
	('00000000-0000-0000-0000-000000000000', '2e561e5e-47ed-4176-8b95-e89cf5a99d74', '{"action":"token_refreshed","actor_id":"0343fca9-5ab1-4348-be5b-7b7f79a064df","actor_username":"castro.oceane@laposte.net","actor_via_sso":false,"log_type":"token"}', '2025-10-30 00:56:20.461772+00', ''),
	('00000000-0000-0000-0000-000000000000', 'c2f1b8a6-5a60-40b3-b11c-e586b85630d4', '{"action":"token_revoked","actor_id":"0343fca9-5ab1-4348-be5b-7b7f79a064df","actor_username":"castro.oceane@laposte.net","actor_via_sso":false,"log_type":"token"}', '2025-10-30 00:56:20.463211+00', ''),
	('00000000-0000-0000-0000-000000000000', 'a71bfd69-0736-4baf-bd92-2d8a87189bd8', '{"action":"logout","actor_id":"0343fca9-5ab1-4348-be5b-7b7f79a064df","actor_username":"castro.oceane@laposte.net","actor_via_sso":false,"log_type":"account"}', '2025-10-30 01:03:30.485258+00', ''),
	('00000000-0000-0000-0000-000000000000', 'db324aeb-2158-4133-9644-bb446f0209a9', '{"action":"login","actor_id":"0343fca9-5ab1-4348-be5b-7b7f79a064df","actor_username":"castro.oceane@laposte.net","actor_via_sso":false,"log_type":"account","traits":{"provider":"email"}}', '2025-10-30 01:09:03.316+00', ''),
	('00000000-0000-0000-0000-000000000000', '8d4a6c45-2a59-4322-a77f-8789c581ff42', '{"action":"logout","actor_id":"0343fca9-5ab1-4348-be5b-7b7f79a064df","actor_username":"castro.oceane@laposte.net","actor_via_sso":false,"log_type":"account"}', '2025-10-30 01:09:52.230844+00', ''),
	('00000000-0000-0000-0000-000000000000', '439ddb5d-65c9-41e1-a3ef-28e042f66dec', '{"action":"login","actor_id":"0343fca9-5ab1-4348-be5b-7b7f79a064df","actor_username":"castro.oceane@laposte.net","actor_via_sso":false,"log_type":"account","traits":{"provider":"email"}}', '2025-10-30 01:10:44.230862+00', ''),
	('00000000-0000-0000-0000-000000000000', '270444c3-ad2e-4bfe-9847-cbc6d16d6e98', '{"action":"login","actor_id":"0343fca9-5ab1-4348-be5b-7b7f79a064df","actor_username":"castro.oceane@laposte.net","actor_via_sso":false,"log_type":"account","traits":{"provider":"email"}}', '2025-10-30 01:34:08.266411+00', ''),
	('00000000-0000-0000-0000-000000000000', '5217feba-c654-420a-8eb7-d94f3de8d841', '{"action":"logout","actor_id":"0343fca9-5ab1-4348-be5b-7b7f79a064df","actor_username":"castro.oceane@laposte.net","actor_via_sso":false,"log_type":"account"}', '2025-10-30 01:34:16.295978+00', ''),
	('00000000-0000-0000-0000-000000000000', '17540f62-ca70-4e1b-b202-2c0b4dec4a0e', '{"action":"login","actor_id":"0343fca9-5ab1-4348-be5b-7b7f79a064df","actor_username":"castro.oceane@laposte.net","actor_via_sso":false,"log_type":"account","traits":{"provider":"email"}}', '2025-10-30 01:34:22.91336+00', ''),
	('00000000-0000-0000-0000-000000000000', '66d57404-a1ef-4033-8799-010a5dc41a10', '{"action":"logout","actor_id":"0343fca9-5ab1-4348-be5b-7b7f79a064df","actor_username":"castro.oceane@laposte.net","actor_via_sso":false,"log_type":"account"}', '2025-10-30 01:37:10.071232+00', ''),
	('00000000-0000-0000-0000-000000000000', 'cea57876-dd95-4331-92db-61f3cca51f34', '{"action":"login","actor_id":"0343fca9-5ab1-4348-be5b-7b7f79a064df","actor_username":"castro.oceane@laposte.net","actor_via_sso":false,"log_type":"account","traits":{"provider":"email"}}', '2025-10-30 13:06:54.432466+00', ''),
	('00000000-0000-0000-0000-000000000000', 'ea75bf7b-b7a4-4590-bca5-10eaf74441d3', '{"action":"logout","actor_id":"0343fca9-5ab1-4348-be5b-7b7f79a064df","actor_username":"castro.oceane@laposte.net","actor_via_sso":false,"log_type":"account"}', '2025-10-30 13:10:08.516208+00', ''),
	('00000000-0000-0000-0000-000000000000', 'c304d871-e27c-4784-b4d9-258068cc27e0', '{"action":"login","actor_id":"0343fca9-5ab1-4348-be5b-7b7f79a064df","actor_username":"castro.oceane@laposte.net","actor_via_sso":false,"log_type":"account","traits":{"provider":"email"}}', '2025-10-30 14:43:51.715451+00', ''),
	('00000000-0000-0000-0000-000000000000', '6b21d1ac-4372-42f1-838a-4e19ee146b14', '{"action":"login","actor_id":"0343fca9-5ab1-4348-be5b-7b7f79a064df","actor_username":"castro.oceane@laposte.net","actor_via_sso":false,"log_type":"account","traits":{"provider":"email"}}', '2025-10-30 15:00:32.184499+00', ''),
	('00000000-0000-0000-0000-000000000000', '3b4d0fc2-1a35-4633-a24a-2305045e582f', '{"action":"token_refreshed","actor_id":"0343fca9-5ab1-4348-be5b-7b7f79a064df","actor_username":"castro.oceane@laposte.net","actor_via_sso":false,"log_type":"token"}', '2025-10-30 22:35:28.91047+00', ''),
	('00000000-0000-0000-0000-000000000000', '737c0bd1-6298-4571-a4d1-06bb2b427627', '{"action":"token_revoked","actor_id":"0343fca9-5ab1-4348-be5b-7b7f79a064df","actor_username":"castro.oceane@laposte.net","actor_via_sso":false,"log_type":"token"}', '2025-10-30 22:35:28.911617+00', ''),
	('00000000-0000-0000-0000-000000000000', '581f0a94-76d3-4797-934c-9a65e0125155', '{"action":"token_refreshed","actor_id":"0343fca9-5ab1-4348-be5b-7b7f79a064df","actor_username":"castro.oceane@laposte.net","actor_via_sso":false,"log_type":"token"}', '2025-10-30 23:52:14.754422+00', ''),
	('00000000-0000-0000-0000-000000000000', '63a267d0-2aec-41ed-9b1d-d56c907d2a38', '{"action":"token_revoked","actor_id":"0343fca9-5ab1-4348-be5b-7b7f79a064df","actor_username":"castro.oceane@laposte.net","actor_via_sso":false,"log_type":"token"}', '2025-10-30 23:52:14.756787+00', ''),
	('00000000-0000-0000-0000-000000000000', '9082e431-c692-4171-a04a-29c6dbaeb64f', '{"action":"logout","actor_id":"0343fca9-5ab1-4348-be5b-7b7f79a064df","actor_username":"castro.oceane@laposte.net","actor_via_sso":false,"log_type":"account"}', '2025-10-31 00:00:51.440496+00', ''),
	('00000000-0000-0000-0000-000000000000', '76afc081-4fb1-43aa-b357-e68a96758143', '{"action":"login","actor_id":"0343fca9-5ab1-4348-be5b-7b7f79a064df","actor_username":"castro.oceane@laposte.net","actor_via_sso":false,"log_type":"account","traits":{"provider":"email"}}', '2025-10-31 02:21:43.679298+00', ''),
	('00000000-0000-0000-0000-000000000000', 'd0b331e3-c660-43d7-8228-997ecb8ed7ee', '{"action":"logout","actor_id":"0343fca9-5ab1-4348-be5b-7b7f79a064df","actor_username":"castro.oceane@laposte.net","actor_via_sso":false,"log_type":"account"}', '2025-10-31 02:22:08.464516+00', ''),
	('00000000-0000-0000-0000-000000000000', 'b5f9fbe5-15a4-4e4e-be3f-ceeac21c3ba4', '{"action":"login","actor_id":"0343fca9-5ab1-4348-be5b-7b7f79a064df","actor_username":"castro.oceane@laposte.net","actor_via_sso":false,"log_type":"account","traits":{"provider":"email"}}', '2025-10-31 02:50:00.885621+00', ''),
	('00000000-0000-0000-0000-000000000000', 'e1e44ce5-b65e-4830-aceb-e21075bb45d0', '{"action":"logout","actor_id":"0343fca9-5ab1-4348-be5b-7b7f79a064df","actor_username":"castro.oceane@laposte.net","actor_via_sso":false,"log_type":"account"}', '2025-10-31 02:55:13.569755+00', ''),
	('00000000-0000-0000-0000-000000000000', '34b2476e-7f53-4667-97bc-2bbf40e5629d', '{"action":"login","actor_id":"0343fca9-5ab1-4348-be5b-7b7f79a064df","actor_username":"castro.oceane@laposte.net","actor_via_sso":false,"log_type":"account","traits":{"provider":"email"}}', '2025-10-31 03:08:44.908322+00', ''),
	('00000000-0000-0000-0000-000000000000', 'e2a53802-a79e-4938-bac6-dc68d98c73b7', '{"action":"login","actor_id":"0343fca9-5ab1-4348-be5b-7b7f79a064df","actor_username":"castro.oceane@laposte.net","actor_via_sso":false,"log_type":"account","traits":{"provider":"email"}}', '2025-10-31 03:17:32.594645+00', ''),
	('00000000-0000-0000-0000-000000000000', '57e9c1a4-bf15-44d9-993f-ad875f4a091e', '{"action":"login","actor_id":"0343fca9-5ab1-4348-be5b-7b7f79a064df","actor_username":"castro.oceane@laposte.net","actor_via_sso":false,"log_type":"account","traits":{"provider":"email"}}', '2025-10-31 03:17:48.489629+00', ''),
	('00000000-0000-0000-0000-000000000000', 'b718323c-adab-4714-948a-5255661c6930', '{"action":"login","actor_id":"0343fca9-5ab1-4348-be5b-7b7f79a064df","actor_username":"castro.oceane@laposte.net","actor_via_sso":false,"log_type":"account","traits":{"provider":"email"}}', '2025-10-31 03:18:00.534862+00', ''),
	('00000000-0000-0000-0000-000000000000', 'c5ef8845-c0af-428a-9b98-f966923256e9', '{"action":"login","actor_id":"0343fca9-5ab1-4348-be5b-7b7f79a064df","actor_username":"castro.oceane@laposte.net","actor_via_sso":false,"log_type":"account","traits":{"provider":"email"}}', '2025-10-31 03:19:32.440833+00', ''),
	('00000000-0000-0000-0000-000000000000', '06d21b14-d66a-4382-91ec-dafa73a42de5', '{"action":"login","actor_id":"0343fca9-5ab1-4348-be5b-7b7f79a064df","actor_username":"castro.oceane@laposte.net","actor_via_sso":false,"log_type":"account","traits":{"provider":"email"}}', '2025-10-31 03:20:03.394844+00', ''),
	('00000000-0000-0000-0000-000000000000', 'c115d085-b4e5-437f-97d5-da0168b52e5d', '{"action":"logout","actor_id":"0343fca9-5ab1-4348-be5b-7b7f79a064df","actor_username":"castro.oceane@laposte.net","actor_via_sso":false,"log_type":"account"}', '2025-10-31 03:26:14.849877+00', ''),
	('00000000-0000-0000-0000-000000000000', '2b6de032-69ce-428e-993a-324e0d6b013b', '{"action":"login","actor_id":"0343fca9-5ab1-4348-be5b-7b7f79a064df","actor_username":"castro.oceane@laposte.net","actor_via_sso":false,"log_type":"account","traits":{"provider":"email"}}', '2025-10-31 03:26:16.020001+00', ''),
	('00000000-0000-0000-0000-000000000000', '404d2ef6-72b2-4801-8235-08affbf2970c', '{"action":"logout","actor_id":"0343fca9-5ab1-4348-be5b-7b7f79a064df","actor_username":"castro.oceane@laposte.net","actor_via_sso":false,"log_type":"account"}', '2025-10-31 03:28:44.620333+00', ''),
	('00000000-0000-0000-0000-000000000000', '5820751d-e1bb-4489-9d44-f8c24d4ba61d', '{"action":"login","actor_id":"0343fca9-5ab1-4348-be5b-7b7f79a064df","actor_username":"castro.oceane@laposte.net","actor_via_sso":false,"log_type":"account","traits":{"provider":"email"}}', '2025-10-31 03:32:17.393868+00', ''),
	('00000000-0000-0000-0000-000000000000', '9e4438f3-1428-44b3-89e6-4bc1b28784a5', '{"action":"login","actor_id":"0343fca9-5ab1-4348-be5b-7b7f79a064df","actor_username":"castro.oceane@laposte.net","actor_via_sso":false,"log_type":"account","traits":{"provider":"email"}}', '2025-10-31 04:06:07.741887+00', ''),
	('00000000-0000-0000-0000-000000000000', 'd72b938b-a61a-454d-8fc8-303ddcde02f4', '{"action":"login","actor_id":"0343fca9-5ab1-4348-be5b-7b7f79a064df","actor_username":"castro.oceane@laposte.net","actor_via_sso":false,"log_type":"account","traits":{"provider":"email"}}', '2025-10-31 04:06:13.661736+00', ''),
	('00000000-0000-0000-0000-000000000000', '6002a0aa-9201-47e3-8a9b-7850605f42b1', '{"action":"login","actor_id":"0343fca9-5ab1-4348-be5b-7b7f79a064df","actor_username":"castro.oceane@laposte.net","actor_via_sso":false,"log_type":"account","traits":{"provider":"email"}}', '2025-10-31 04:06:19.876721+00', ''),
	('00000000-0000-0000-0000-000000000000', '36c4a9b2-8fe5-4d20-b647-4f2e3e6f628b', '{"action":"logout","actor_id":"0343fca9-5ab1-4348-be5b-7b7f79a064df","actor_username":"castro.oceane@laposte.net","actor_via_sso":false,"log_type":"account"}', '2025-10-31 04:48:33.61126+00', ''),
	('00000000-0000-0000-0000-000000000000', '9426fe5b-9e4e-4647-a4c2-0de4972f9ced', '{"action":"login","actor_id":"0343fca9-5ab1-4348-be5b-7b7f79a064df","actor_username":"castro.oceane@laposte.net","actor_via_sso":false,"log_type":"account","traits":{"provider":"email"}}', '2025-10-31 04:58:08.998433+00', ''),
	('00000000-0000-0000-0000-000000000000', '075d5159-d5f1-4bb5-880f-825622644c7a', '{"action":"logout","actor_id":"0343fca9-5ab1-4348-be5b-7b7f79a064df","actor_username":"castro.oceane@laposte.net","actor_via_sso":false,"log_type":"account"}', '2025-10-31 04:58:22.076014+00', ''),
	('00000000-0000-0000-0000-000000000000', '010404dc-6893-4d51-8210-2f2bf422f591', '{"action":"login","actor_id":"0343fca9-5ab1-4348-be5b-7b7f79a064df","actor_username":"castro.oceane@laposte.net","actor_via_sso":false,"log_type":"account","traits":{"provider":"email"}}', '2025-10-31 05:06:45.903747+00', ''),
	('00000000-0000-0000-0000-000000000000', '7f21ccd6-7a72-49db-a1ca-9fb308268fc9', '{"action":"logout","actor_id":"0343fca9-5ab1-4348-be5b-7b7f79a064df","actor_username":"castro.oceane@laposte.net","actor_via_sso":false,"log_type":"account"}', '2025-10-31 05:07:11.9013+00', ''),
	('00000000-0000-0000-0000-000000000000', '3d515eab-d3ba-43c1-83a4-0610eccc70d0', '{"action":"login","actor_id":"0343fca9-5ab1-4348-be5b-7b7f79a064df","actor_username":"castro.oceane@laposte.net","actor_via_sso":false,"log_type":"account","traits":{"provider":"email"}}', '2025-10-31 05:38:22.162757+00', ''),
	('00000000-0000-0000-0000-000000000000', 'be6902c6-158a-49c4-9426-5830c3753a1c', '{"action":"login","actor_id":"0343fca9-5ab1-4348-be5b-7b7f79a064df","actor_username":"castro.oceane@laposte.net","actor_via_sso":false,"log_type":"account","traits":{"provider":"email"}}', '2025-10-31 05:56:01.149893+00', ''),
	('00000000-0000-0000-0000-000000000000', 'c5960ab6-bca5-4e8e-b1f6-5e8d0900dd1c', '{"action":"logout","actor_id":"0343fca9-5ab1-4348-be5b-7b7f79a064df","actor_username":"castro.oceane@laposte.net","actor_via_sso":false,"log_type":"account"}', '2025-10-31 06:00:14.234873+00', ''),
	('00000000-0000-0000-0000-000000000000', 'a7c760cd-5982-4d6c-80b6-e2fbe0e339fc', '{"action":"login","actor_id":"0343fca9-5ab1-4348-be5b-7b7f79a064df","actor_username":"castro.oceane@laposte.net","actor_via_sso":false,"log_type":"account","traits":{"provider":"email"}}', '2025-10-31 13:35:05.272768+00', ''),
	('00000000-0000-0000-0000-000000000000', '2661139b-b49b-4f8d-81dd-51316e42c04f', '{"action":"login","actor_id":"0343fca9-5ab1-4348-be5b-7b7f79a064df","actor_username":"castro.oceane@laposte.net","actor_via_sso":false,"log_type":"account","traits":{"provider":"email"}}', '2025-10-31 14:16:16.981439+00', ''),
	('00000000-0000-0000-0000-000000000000', '2663781d-8769-46fd-bd46-f814248c6717', '{"action":"login","actor_id":"0343fca9-5ab1-4348-be5b-7b7f79a064df","actor_username":"castro.oceane@laposte.net","actor_via_sso":false,"log_type":"account","traits":{"provider":"email"}}', '2025-10-31 14:17:36.860873+00', ''),
	('00000000-0000-0000-0000-000000000000', '8a9048b4-7422-47cc-bbd1-7ab0cbf847b7', '{"action":"token_refreshed","actor_id":"0343fca9-5ab1-4348-be5b-7b7f79a064df","actor_username":"castro.oceane@laposte.net","actor_via_sso":false,"log_type":"token"}', '2025-10-31 15:15:47.135656+00', ''),
	('00000000-0000-0000-0000-000000000000', '9eae0b94-a16c-47e9-92bf-93d076b86cc6', '{"action":"token_revoked","actor_id":"0343fca9-5ab1-4348-be5b-7b7f79a064df","actor_username":"castro.oceane@laposte.net","actor_via_sso":false,"log_type":"token"}', '2025-10-31 15:15:47.13709+00', ''),
	('00000000-0000-0000-0000-000000000000', '9318b4a5-b7f5-47c0-ab44-d0501108c704', '{"action":"login","actor_id":"0343fca9-5ab1-4348-be5b-7b7f79a064df","actor_username":"castro.oceane@laposte.net","actor_via_sso":false,"log_type":"account","traits":{"provider":"email"}}', '2025-10-31 15:27:25.870179+00', ''),
	('00000000-0000-0000-0000-000000000000', 'ab199f3a-6bd5-43a8-86a6-58431315717c', '{"action":"token_refreshed","actor_id":"0343fca9-5ab1-4348-be5b-7b7f79a064df","actor_username":"castro.oceane@laposte.net","actor_via_sso":false,"log_type":"token"}', '2025-10-31 16:26:32.032209+00', ''),
	('00000000-0000-0000-0000-000000000000', 'ba34272d-cb11-4e64-9a2e-6863cb0bcb04', '{"action":"token_revoked","actor_id":"0343fca9-5ab1-4348-be5b-7b7f79a064df","actor_username":"castro.oceane@laposte.net","actor_via_sso":false,"log_type":"token"}', '2025-10-31 16:26:32.03569+00', ''),
	('00000000-0000-0000-0000-000000000000', '191c8393-8a4e-4c21-ac6a-434f396f4ba5', '{"action":"token_refreshed","actor_id":"0343fca9-5ab1-4348-be5b-7b7f79a064df","actor_username":"castro.oceane@laposte.net","actor_via_sso":false,"log_type":"token"}', '2025-10-31 22:30:37.705325+00', ''),
	('00000000-0000-0000-0000-000000000000', '3c5683f1-42b3-4d58-bc54-93111845b502', '{"action":"token_revoked","actor_id":"0343fca9-5ab1-4348-be5b-7b7f79a064df","actor_username":"castro.oceane@laposte.net","actor_via_sso":false,"log_type":"token"}', '2025-10-31 22:30:37.707083+00', ''),
	('00000000-0000-0000-0000-000000000000', '812b02a6-2d2a-42d5-8dda-34bc56407e32', '{"action":"token_refreshed","actor_id":"0343fca9-5ab1-4348-be5b-7b7f79a064df","actor_username":"castro.oceane@laposte.net","actor_via_sso":false,"log_type":"token"}', '2025-10-31 23:29:31.68057+00', ''),
	('00000000-0000-0000-0000-000000000000', '7f60e13f-7ed1-49ec-a6bc-13f063eb6ee2', '{"action":"token_revoked","actor_id":"0343fca9-5ab1-4348-be5b-7b7f79a064df","actor_username":"castro.oceane@laposte.net","actor_via_sso":false,"log_type":"token"}', '2025-10-31 23:29:31.681656+00', ''),
	('00000000-0000-0000-0000-000000000000', '2017b6f2-7602-43c3-9c07-898e26456d52', '{"action":"token_refreshed","actor_id":"0343fca9-5ab1-4348-be5b-7b7f79a064df","actor_username":"castro.oceane@laposte.net","actor_via_sso":false,"log_type":"token"}', '2025-11-01 08:36:38.179894+00', ''),
	('00000000-0000-0000-0000-000000000000', 'b1f67d7a-a150-4e91-b47b-3188c7df9de4', '{"action":"token_revoked","actor_id":"0343fca9-5ab1-4348-be5b-7b7f79a064df","actor_username":"castro.oceane@laposte.net","actor_via_sso":false,"log_type":"token"}', '2025-11-01 08:36:38.182317+00', ''),
	('00000000-0000-0000-0000-000000000000', 'cb930c44-0ebc-4870-8f56-267567a7052d', '{"action":"token_refreshed","actor_id":"0343fca9-5ab1-4348-be5b-7b7f79a064df","actor_username":"castro.oceane@laposte.net","actor_via_sso":false,"log_type":"token"}', '2025-11-01 09:48:02.23914+00', ''),
	('00000000-0000-0000-0000-000000000000', '481e18a3-099f-4c9a-9b1f-a6fff63cfdb7', '{"action":"token_revoked","actor_id":"0343fca9-5ab1-4348-be5b-7b7f79a064df","actor_username":"castro.oceane@laposte.net","actor_via_sso":false,"log_type":"token"}', '2025-11-01 09:48:02.241987+00', ''),
	('00000000-0000-0000-0000-000000000000', '68a76e62-ba4f-4817-b099-8c96259f6880', '{"action":"token_refreshed","actor_id":"0343fca9-5ab1-4348-be5b-7b7f79a064df","actor_username":"castro.oceane@laposte.net","actor_via_sso":false,"log_type":"token"}', '2025-11-01 10:50:21.754778+00', ''),
	('00000000-0000-0000-0000-000000000000', 'a5897e1e-5f29-4ac0-8042-89eb06f19e8b', '{"action":"token_revoked","actor_id":"0343fca9-5ab1-4348-be5b-7b7f79a064df","actor_username":"castro.oceane@laposte.net","actor_via_sso":false,"log_type":"token"}', '2025-11-01 10:50:21.756972+00', ''),
	('00000000-0000-0000-0000-000000000000', '1e6bca74-670a-4573-914d-23bd2e020d26', '{"action":"logout","actor_id":"0343fca9-5ab1-4348-be5b-7b7f79a064df","actor_username":"castro.oceane@laposte.net","actor_via_sso":false,"log_type":"account"}', '2025-11-01 10:50:23.552926+00', ''),
	('00000000-0000-0000-0000-000000000000', '8825a01f-48e9-40c2-ada5-3bfc83e30cd1', '{"action":"login","actor_id":"0343fca9-5ab1-4348-be5b-7b7f79a064df","actor_username":"castro.oceane@laposte.net","actor_via_sso":false,"log_type":"account","traits":{"provider":"email"}}', '2025-11-01 10:52:11.153695+00', ''),
	('00000000-0000-0000-0000-000000000000', 'fe78837d-9959-4b93-ba43-1d46dac273e9', '{"action":"logout","actor_id":"0343fca9-5ab1-4348-be5b-7b7f79a064df","actor_username":"castro.oceane@laposte.net","actor_via_sso":false,"log_type":"account"}', '2025-11-01 10:52:13.737612+00', ''),
	('00000000-0000-0000-0000-000000000000', 'c48551b0-4719-434c-8786-b7cb63403f6a', '{"action":"login","actor_id":"0343fca9-5ab1-4348-be5b-7b7f79a064df","actor_username":"castro.oceane@laposte.net","actor_via_sso":false,"log_type":"account","traits":{"provider":"email"}}', '2025-11-01 10:52:59.423981+00', ''),
	('00000000-0000-0000-0000-000000000000', '3e40018c-6305-43ec-86d6-23f976748807', '{"action":"logout","actor_id":"0343fca9-5ab1-4348-be5b-7b7f79a064df","actor_username":"castro.oceane@laposte.net","actor_via_sso":false,"log_type":"account"}', '2025-11-01 10:53:34.246328+00', ''),
	('00000000-0000-0000-0000-000000000000', '8329059d-7bca-41d5-b967-02219ec98e2e', '{"action":"login","actor_id":"0343fca9-5ab1-4348-be5b-7b7f79a064df","actor_username":"castro.oceane@laposte.net","actor_via_sso":false,"log_type":"account","traits":{"provider":"email"}}', '2025-11-01 10:57:16.923023+00', ''),
	('00000000-0000-0000-0000-000000000000', '6deae498-dd4b-4379-a77b-34ac71e93c31', '{"action":"logout","actor_id":"0343fca9-5ab1-4348-be5b-7b7f79a064df","actor_username":"castro.oceane@laposte.net","actor_via_sso":false,"log_type":"account"}', '2025-11-01 11:26:04.754342+00', ''),
	('00000000-0000-0000-0000-000000000000', '5262a2f2-1e91-47c3-bd02-2c29bc94a568', '{"action":"login","actor_id":"0343fca9-5ab1-4348-be5b-7b7f79a064df","actor_username":"castro.oceane@laposte.net","actor_via_sso":false,"log_type":"account","traits":{"provider":"email"}}', '2025-11-01 12:07:10.497085+00', ''),
	('00000000-0000-0000-0000-000000000000', 'cdea37a5-a5e1-4358-a049-86b1f381095a', '{"action":"login","actor_id":"0343fca9-5ab1-4348-be5b-7b7f79a064df","actor_username":"castro.oceane@laposte.net","actor_via_sso":false,"log_type":"account","traits":{"provider":"email"}}', '2025-11-01 13:01:05.917195+00', ''),
	('00000000-0000-0000-0000-000000000000', 'e7872f68-0731-4286-9d78-81f9c10741d0', '{"action":"logout","actor_id":"0343fca9-5ab1-4348-be5b-7b7f79a064df","actor_username":"castro.oceane@laposte.net","actor_via_sso":false,"log_type":"account"}', '2025-11-01 13:03:03.71397+00', ''),
	('00000000-0000-0000-0000-000000000000', '9212c63b-a2f6-4f08-9cd6-44b4b981c147', '{"action":"login","actor_id":"0343fca9-5ab1-4348-be5b-7b7f79a064df","actor_username":"castro.oceane@laposte.net","actor_via_sso":false,"log_type":"account","traits":{"provider":"email"}}', '2025-11-01 15:15:53.874623+00', ''),
	('00000000-0000-0000-0000-000000000000', 'daf3c985-4a47-41b3-b500-2550e092bfd1', '{"action":"logout","actor_id":"0343fca9-5ab1-4348-be5b-7b7f79a064df","actor_username":"castro.oceane@laposte.net","actor_via_sso":false,"log_type":"account"}', '2025-11-01 15:17:52.786107+00', ''),
	('00000000-0000-0000-0000-000000000000', '2ff540d1-b5fb-4a42-91ce-4be3f57e406c', '{"action":"login","actor_id":"0343fca9-5ab1-4348-be5b-7b7f79a064df","actor_username":"castro.oceane@laposte.net","actor_via_sso":false,"log_type":"account","traits":{"provider":"email"}}', '2025-11-01 15:32:57.736576+00', ''),
	('00000000-0000-0000-0000-000000000000', '3e144ad4-e47b-42e0-a746-e52aad7f2c56', '{"action":"login","actor_id":"0343fca9-5ab1-4348-be5b-7b7f79a064df","actor_username":"castro.oceane@laposte.net","actor_via_sso":false,"log_type":"account","traits":{"provider":"email"}}', '2025-11-01 15:33:36.056272+00', ''),
	('00000000-0000-0000-0000-000000000000', '17905ce9-bc7d-424f-9d50-4a56b4274bb9', '{"action":"token_refreshed","actor_id":"0343fca9-5ab1-4348-be5b-7b7f79a064df","actor_username":"castro.oceane@laposte.net","actor_via_sso":false,"log_type":"token"}', '2025-11-01 21:45:41.808859+00', ''),
	('00000000-0000-0000-0000-000000000000', '6d3082a6-6941-438f-9851-c618b5080e91', '{"action":"token_revoked","actor_id":"0343fca9-5ab1-4348-be5b-7b7f79a064df","actor_username":"castro.oceane@laposte.net","actor_via_sso":false,"log_type":"token"}', '2025-11-01 21:45:41.810876+00', ''),
	('00000000-0000-0000-0000-000000000000', 'd9b90567-0fde-4552-9bd5-706d61d528cd', '{"action":"login","actor_id":"0343fca9-5ab1-4348-be5b-7b7f79a064df","actor_username":"castro.oceane@laposte.net","actor_via_sso":false,"log_type":"account","traits":{"provider":"email"}}', '2025-11-01 22:03:36.705177+00', ''),
	('00000000-0000-0000-0000-000000000000', 'be0966a3-02c6-495d-8f10-0a2800057d3c', '{"action":"token_refreshed","actor_id":"0343fca9-5ab1-4348-be5b-7b7f79a064df","actor_username":"castro.oceane@laposte.net","actor_via_sso":false,"log_type":"token"}', '2025-11-01 23:02:32.130874+00', ''),
	('00000000-0000-0000-0000-000000000000', '71da584a-a157-4b49-9069-8f0fe5dad27b', '{"action":"token_revoked","actor_id":"0343fca9-5ab1-4348-be5b-7b7f79a064df","actor_username":"castro.oceane@laposte.net","actor_via_sso":false,"log_type":"token"}', '2025-11-01 23:02:32.133034+00', ''),
	('00000000-0000-0000-0000-000000000000', '53ec3d83-97e1-46d1-87f9-1af96b957653', '{"action":"token_refreshed","actor_id":"0343fca9-5ab1-4348-be5b-7b7f79a064df","actor_username":"castro.oceane@laposte.net","actor_via_sso":false,"log_type":"token"}', '2025-11-02 07:46:53.423812+00', ''),
	('00000000-0000-0000-0000-000000000000', 'e02324ad-8834-4357-a9c9-88262cdb0ab4', '{"action":"token_revoked","actor_id":"0343fca9-5ab1-4348-be5b-7b7f79a064df","actor_username":"castro.oceane@laposte.net","actor_via_sso":false,"log_type":"token"}', '2025-11-02 07:46:53.425366+00', ''),
	('00000000-0000-0000-0000-000000000000', 'fbba5911-b73d-4323-a5d5-a4cb204652b5', '{"action":"logout","actor_id":"0343fca9-5ab1-4348-be5b-7b7f79a064df","actor_username":"castro.oceane@laposte.net","actor_via_sso":false,"log_type":"account"}', '2025-11-02 08:25:30.855178+00', ''),
	('00000000-0000-0000-0000-000000000000', '28724cbe-3671-459c-b87b-68f1778a4b31', '{"action":"login","actor_id":"0343fca9-5ab1-4348-be5b-7b7f79a064df","actor_username":"castro.oceane@laposte.net","actor_via_sso":false,"log_type":"account","traits":{"provider":"email"}}', '2025-11-02 08:25:54.232204+00', ''),
	('00000000-0000-0000-0000-000000000000', '199350da-1761-49c9-895f-f5aca4d258d3', '{"action":"token_refreshed","actor_id":"0343fca9-5ab1-4348-be5b-7b7f79a064df","actor_username":"castro.oceane@laposte.net","actor_via_sso":false,"log_type":"token"}', '2025-11-02 09:24:02.09166+00', ''),
	('00000000-0000-0000-0000-000000000000', '5111d1c2-1210-4322-947f-1244a21ce60a', '{"action":"token_revoked","actor_id":"0343fca9-5ab1-4348-be5b-7b7f79a064df","actor_username":"castro.oceane@laposte.net","actor_via_sso":false,"log_type":"token"}', '2025-11-02 09:24:02.092728+00', ''),
	('00000000-0000-0000-0000-000000000000', 'f5ad89cd-14d9-4cf2-bfd2-f7e37824617c', '{"action":"token_refreshed","actor_id":"0343fca9-5ab1-4348-be5b-7b7f79a064df","actor_username":"castro.oceane@laposte.net","actor_via_sso":false,"log_type":"token"}', '2025-11-02 10:22:31.502081+00', ''),
	('00000000-0000-0000-0000-000000000000', '3d392c9c-7820-4936-8b56-04a3ea1b366c', '{"action":"token_revoked","actor_id":"0343fca9-5ab1-4348-be5b-7b7f79a064df","actor_username":"castro.oceane@laposte.net","actor_via_sso":false,"log_type":"token"}', '2025-11-02 10:22:31.504556+00', ''),
	('00000000-0000-0000-0000-000000000000', '4421611e-3fb7-4a23-8922-d828bfdb6fbf', '{"action":"token_refreshed","actor_id":"0343fca9-5ab1-4348-be5b-7b7f79a064df","actor_username":"castro.oceane@laposte.net","actor_via_sso":false,"log_type":"token"}', '2025-11-02 11:56:43.993929+00', ''),
	('00000000-0000-0000-0000-000000000000', '31811dbe-d689-4280-b4a0-fd356c69a68d', '{"action":"token_revoked","actor_id":"0343fca9-5ab1-4348-be5b-7b7f79a064df","actor_username":"castro.oceane@laposte.net","actor_via_sso":false,"log_type":"token"}', '2025-11-02 11:56:43.994921+00', ''),
	('00000000-0000-0000-0000-000000000000', 'cd5d9454-1646-4f53-9628-c8e7b6836774', '{"action":"token_refreshed","actor_id":"0343fca9-5ab1-4348-be5b-7b7f79a064df","actor_username":"castro.oceane@laposte.net","actor_via_sso":false,"log_type":"token"}', '2025-11-02 12:55:13.974457+00', ''),
	('00000000-0000-0000-0000-000000000000', 'e46b672a-aba3-4fc4-809e-a1f7071155d2', '{"action":"token_revoked","actor_id":"0343fca9-5ab1-4348-be5b-7b7f79a064df","actor_username":"castro.oceane@laposte.net","actor_via_sso":false,"log_type":"token"}', '2025-11-02 12:55:13.97588+00', ''),
	('00000000-0000-0000-0000-000000000000', 'c0b51fa0-770e-415d-a994-30bf8dc46aed', '{"action":"login","actor_id":"0343fca9-5ab1-4348-be5b-7b7f79a064df","actor_username":"castro.oceane@laposte.net","actor_via_sso":false,"log_type":"account","traits":{"provider":"email"}}', '2025-11-02 13:29:32.948258+00', ''),
	('00000000-0000-0000-0000-000000000000', 'f43d09f6-d67a-4f7a-b601-34786c83d7bf', '{"action":"logout","actor_id":"0343fca9-5ab1-4348-be5b-7b7f79a064df","actor_username":"castro.oceane@laposte.net","actor_via_sso":false,"log_type":"account"}', '2025-11-02 14:13:13.806369+00', ''),
	('00000000-0000-0000-0000-000000000000', '69ee3e9b-3611-4adc-90c8-7b90d235e6ae', '{"action":"login","actor_id":"0343fca9-5ab1-4348-be5b-7b7f79a064df","actor_username":"castro.oceane@laposte.net","actor_via_sso":false,"log_type":"account","traits":{"provider":"email"}}', '2025-11-02 14:46:43.970708+00', ''),
	('00000000-0000-0000-0000-000000000000', '05f5f0d0-5ed0-4f19-8f46-f6daac9dd9db', '{"action":"token_refreshed","actor_id":"0343fca9-5ab1-4348-be5b-7b7f79a064df","actor_username":"castro.oceane@laposte.net","actor_via_sso":false,"log_type":"token"}', '2025-11-02 15:45:10.747841+00', ''),
	('00000000-0000-0000-0000-000000000000', 'ba71dc61-4fbb-4432-8568-164433332cf6', '{"action":"token_revoked","actor_id":"0343fca9-5ab1-4348-be5b-7b7f79a064df","actor_username":"castro.oceane@laposte.net","actor_via_sso":false,"log_type":"token"}', '2025-11-02 15:45:10.748969+00', ''),
	('00000000-0000-0000-0000-000000000000', '8fc71854-3b80-476e-a4f5-65917f2d93bf', '{"action":"logout","actor_id":"0343fca9-5ab1-4348-be5b-7b7f79a064df","actor_username":"castro.oceane@laposte.net","actor_via_sso":false,"log_type":"account"}', '2025-11-02 16:42:36.074065+00', ''),
	('00000000-0000-0000-0000-000000000000', '0bf93361-340e-4cc9-aba4-9655e9a270a0', '{"action":"login","actor_id":"0343fca9-5ab1-4348-be5b-7b7f79a064df","actor_username":"castro.oceane@laposte.net","actor_via_sso":false,"log_type":"account","traits":{"provider":"email"}}', '2025-11-02 16:43:13.3175+00', ''),
	('00000000-0000-0000-0000-000000000000', '90604629-94d4-49dd-9e58-26d779ac9824', '{"action":"logout","actor_id":"0343fca9-5ab1-4348-be5b-7b7f79a064df","actor_username":"castro.oceane@laposte.net","actor_via_sso":false,"log_type":"account"}', '2025-11-02 16:43:29.054245+00', ''),
	('00000000-0000-0000-0000-000000000000', 'f9b41744-965e-4dac-b503-229045ae0979', '{"action":"login","actor_id":"0343fca9-5ab1-4348-be5b-7b7f79a064df","actor_username":"castro.oceane@laposte.net","actor_via_sso":false,"log_type":"account","traits":{"provider":"email"}}', '2025-11-02 16:43:48.329149+00', ''),
	('00000000-0000-0000-0000-000000000000', '3de0e9d4-6a92-4dab-bcb2-7a87c6df234b', '{"action":"logout","actor_id":"0343fca9-5ab1-4348-be5b-7b7f79a064df","actor_username":"castro.oceane@laposte.net","actor_via_sso":false,"log_type":"account"}', '2025-11-02 17:17:31.89748+00', ''),
	('00000000-0000-0000-0000-000000000000', 'af4bf8f2-f381-46a4-b4a2-e36b30ff1241', '{"action":"login","actor_id":"0343fca9-5ab1-4348-be5b-7b7f79a064df","actor_username":"castro.oceane@laposte.net","actor_via_sso":false,"log_type":"account","traits":{"provider":"email"}}', '2025-11-02 17:17:47.290163+00', ''),
	('00000000-0000-0000-0000-000000000000', '1e46f3ab-989f-4f74-a058-0506935add05', '{"action":"logout","actor_id":"0343fca9-5ab1-4348-be5b-7b7f79a064df","actor_username":"castro.oceane@laposte.net","actor_via_sso":false,"log_type":"account"}', '2025-11-02 17:18:46.958893+00', ''),
	('00000000-0000-0000-0000-000000000000', '356c4000-e374-4513-8b4a-c9f60d9c4b99', '{"action":"login","actor_id":"0343fca9-5ab1-4348-be5b-7b7f79a064df","actor_username":"castro.oceane@laposte.net","actor_via_sso":false,"log_type":"account","traits":{"provider":"email"}}', '2025-11-02 17:20:13.231638+00', ''),
	('00000000-0000-0000-0000-000000000000', 'bd9d2804-f2bd-4a2e-b3e0-7b25bd4c91cb', '{"action":"login","actor_id":"0343fca9-5ab1-4348-be5b-7b7f79a064df","actor_username":"castro.oceane@laposte.net","actor_via_sso":false,"log_type":"account","traits":{"provider":"email"}}', '2025-11-02 17:34:49.115747+00', ''),
	('00000000-0000-0000-0000-000000000000', '7746a299-87b2-43e4-9941-c70321d166dd', '{"action":"logout","actor_id":"0343fca9-5ab1-4348-be5b-7b7f79a064df","actor_username":"castro.oceane@laposte.net","actor_via_sso":false,"log_type":"account"}', '2025-11-02 17:44:27.759009+00', ''),
	('00000000-0000-0000-0000-000000000000', '3aa967bb-0828-476c-a729-cbae79916797', '{"action":"login","actor_id":"0343fca9-5ab1-4348-be5b-7b7f79a064df","actor_username":"castro.oceane@laposte.net","actor_via_sso":false,"log_type":"account","traits":{"provider":"email"}}', '2025-11-02 17:44:45.479504+00', ''),
	('00000000-0000-0000-0000-000000000000', 'fb313715-7c12-4e2a-bf0d-79a2a1dc94a1', '{"action":"logout","actor_id":"0343fca9-5ab1-4348-be5b-7b7f79a064df","actor_username":"castro.oceane@laposte.net","actor_via_sso":false,"log_type":"account"}', '2025-11-02 17:45:07.531772+00', ''),
	('00000000-0000-0000-0000-000000000000', 'bd954d25-32c1-4c87-ba15-0f010b6144c5', '{"action":"login","actor_id":"0343fca9-5ab1-4348-be5b-7b7f79a064df","actor_username":"castro.oceane@laposte.net","actor_via_sso":false,"log_type":"account","traits":{"provider":"email"}}', '2025-11-02 17:58:20.611512+00', ''),
	('00000000-0000-0000-0000-000000000000', '973bab5c-776c-438e-af96-e37961eff1e2', '{"action":"logout","actor_id":"0343fca9-5ab1-4348-be5b-7b7f79a064df","actor_username":"castro.oceane@laposte.net","actor_via_sso":false,"log_type":"account"}', '2025-11-02 18:01:04.557351+00', ''),
	('00000000-0000-0000-0000-000000000000', '2836564e-9023-45d5-9d4c-27a4975af094', '{"action":"login","actor_id":"0343fca9-5ab1-4348-be5b-7b7f79a064df","actor_username":"castro.oceane@laposte.net","actor_via_sso":false,"log_type":"account","traits":{"provider":"email"}}', '2025-11-02 18:01:14.841641+00', ''),
	('00000000-0000-0000-0000-000000000000', '684e3bfc-2663-4436-b88a-e10774d95606', '{"action":"logout","actor_id":"0343fca9-5ab1-4348-be5b-7b7f79a064df","actor_username":"castro.oceane@laposte.net","actor_via_sso":false,"log_type":"account"}', '2025-11-02 18:14:34.419908+00', ''),
	('00000000-0000-0000-0000-000000000000', 'abd62b09-a4e3-4e42-a306-676d2b7cbabe', '{"action":"login","actor_id":"0343fca9-5ab1-4348-be5b-7b7f79a064df","actor_username":"castro.oceane@laposte.net","actor_via_sso":false,"log_type":"account","traits":{"provider":"email"}}', '2025-11-02 18:21:30.988801+00', ''),
	('00000000-0000-0000-0000-000000000000', 'e290e4c3-0230-4c43-b2f8-71d4e197a221', '{"action":"login","actor_id":"0343fca9-5ab1-4348-be5b-7b7f79a064df","actor_username":"castro.oceane@laposte.net","actor_via_sso":false,"log_type":"account","traits":{"provider":"email"}}', '2025-11-02 18:27:17.129703+00', ''),
	('00000000-0000-0000-0000-000000000000', '8ab96f19-5584-4b1a-8e94-b6833647bb4c', '{"action":"logout","actor_id":"0343fca9-5ab1-4348-be5b-7b7f79a064df","actor_username":"castro.oceane@laposte.net","actor_via_sso":false,"log_type":"account"}', '2025-11-02 18:51:45.388135+00', ''),
	('00000000-0000-0000-0000-000000000000', 'ca23f466-2244-4529-a7e8-a0b8c71c977c', '{"action":"login","actor_id":"0343fca9-5ab1-4348-be5b-7b7f79a064df","actor_username":"castro.oceane@laposte.net","actor_via_sso":false,"log_type":"account","traits":{"provider":"email"}}', '2025-11-02 18:53:05.445535+00', ''),
	('00000000-0000-0000-0000-000000000000', '8cec1ab5-1238-4870-9540-7f2963973991', '{"action":"logout","actor_id":"0343fca9-5ab1-4348-be5b-7b7f79a064df","actor_username":"castro.oceane@laposte.net","actor_via_sso":false,"log_type":"account"}', '2025-11-02 18:53:32.959286+00', ''),
	('00000000-0000-0000-0000-000000000000', 'f32fd456-abcc-46c4-919d-70f3937f9f3a', '{"action":"login","actor_id":"0343fca9-5ab1-4348-be5b-7b7f79a064df","actor_username":"castro.oceane@laposte.net","actor_via_sso":false,"log_type":"account","traits":{"provider":"email"}}', '2025-11-02 19:11:04.972008+00', ''),
	('00000000-0000-0000-0000-000000000000', 'fc346835-8306-43f7-991f-7bb6ee1a226d', '{"action":"logout","actor_id":"0343fca9-5ab1-4348-be5b-7b7f79a064df","actor_username":"castro.oceane@laposte.net","actor_via_sso":false,"log_type":"account"}', '2025-11-02 19:11:15.488943+00', ''),
	('00000000-0000-0000-0000-000000000000', 'ec69af53-5038-4b35-bb95-8df64dee9f7b', '{"action":"login","actor_id":"0343fca9-5ab1-4348-be5b-7b7f79a064df","actor_username":"castro.oceane@laposte.net","actor_via_sso":false,"log_type":"account","traits":{"provider":"email"}}', '2025-11-03 09:33:48.691252+00', ''),
	('00000000-0000-0000-0000-000000000000', 'bf8b3772-0096-4b70-b81e-52d3c8835035', '{"action":"logout","actor_id":"0343fca9-5ab1-4348-be5b-7b7f79a064df","actor_username":"castro.oceane@laposte.net","actor_via_sso":false,"log_type":"account"}', '2025-11-03 09:35:51.640195+00', ''),
	('00000000-0000-0000-0000-000000000000', '943a7929-0706-430f-bfb2-1cba7c3059d4', '{"action":"login","actor_id":"0343fca9-5ab1-4348-be5b-7b7f79a064df","actor_username":"castro.oceane@laposte.net","actor_via_sso":false,"log_type":"account","traits":{"provider":"email"}}', '2025-11-03 09:36:23.320334+00', ''),
	('00000000-0000-0000-0000-000000000000', 'f6330640-8c4b-4911-91f8-767eeaac73ff', '{"action":"logout","actor_id":"0343fca9-5ab1-4348-be5b-7b7f79a064df","actor_username":"castro.oceane@laposte.net","actor_via_sso":false,"log_type":"account"}', '2025-11-03 09:38:17.751763+00', ''),
	('00000000-0000-0000-0000-000000000000', 'ac6f9401-46ce-44ab-9e4c-d0aa857663e9', '{"action":"login","actor_id":"0343fca9-5ab1-4348-be5b-7b7f79a064df","actor_username":"castro.oceane@laposte.net","actor_via_sso":false,"log_type":"account","traits":{"provider":"email"}}', '2025-11-03 09:48:59.084449+00', ''),
	('00000000-0000-0000-0000-000000000000', '01a1f7a2-5b93-452d-a0bc-f8b8be769ead', '{"action":"logout","actor_id":"0343fca9-5ab1-4348-be5b-7b7f79a064df","actor_username":"castro.oceane@laposte.net","actor_via_sso":false,"log_type":"account"}', '2025-11-03 10:10:21.485165+00', ''),
	('00000000-0000-0000-0000-000000000000', '2d7b5d1a-2511-4ba4-9d04-a19488c4a8f6', '{"action":"login","actor_id":"0343fca9-5ab1-4348-be5b-7b7f79a064df","actor_username":"castro.oceane@laposte.net","actor_via_sso":false,"log_type":"account","traits":{"provider":"email"}}', '2025-11-03 10:13:14.089229+00', ''),
	('00000000-0000-0000-0000-000000000000', '2b39a8d5-04a5-4fd5-ab20-0b4db79ad619', '{"action":"logout","actor_id":"0343fca9-5ab1-4348-be5b-7b7f79a064df","actor_username":"castro.oceane@laposte.net","actor_via_sso":false,"log_type":"account"}', '2025-11-03 10:48:23.361169+00', ''),
	('00000000-0000-0000-0000-000000000000', '9b297a2d-4f48-4b6d-b06c-c02f62e62071', '{"action":"login","actor_id":"0343fca9-5ab1-4348-be5b-7b7f79a064df","actor_username":"castro.oceane@laposte.net","actor_via_sso":false,"log_type":"account","traits":{"provider":"email"}}', '2025-11-03 10:49:44.115588+00', ''),
	('00000000-0000-0000-0000-000000000000', '48ffc034-6d4b-4fcc-93f1-2fbcd4e1c186', '{"action":"logout","actor_id":"0343fca9-5ab1-4348-be5b-7b7f79a064df","actor_username":"castro.oceane@laposte.net","actor_via_sso":false,"log_type":"account"}', '2025-11-03 10:51:38.262817+00', ''),
	('00000000-0000-0000-0000-000000000000', 'a9b9ac3c-f565-434f-bba9-15cd63658b0e', '{"action":"login","actor_id":"0343fca9-5ab1-4348-be5b-7b7f79a064df","actor_username":"castro.oceane@laposte.net","actor_via_sso":false,"log_type":"account","traits":{"provider":"email"}}', '2025-11-03 11:57:02.793858+00', ''),
	('00000000-0000-0000-0000-000000000000', '01a68db0-d7c5-4e80-bf25-0284bb922ce1', '{"action":"logout","actor_id":"0343fca9-5ab1-4348-be5b-7b7f79a064df","actor_username":"castro.oceane@laposte.net","actor_via_sso":false,"log_type":"account"}', '2025-11-03 12:07:04.610869+00', ''),
	('00000000-0000-0000-0000-000000000000', '10685d69-ae69-4644-82b5-305c257cff4a', '{"action":"login","actor_id":"0343fca9-5ab1-4348-be5b-7b7f79a064df","actor_username":"castro.oceane@laposte.net","actor_via_sso":false,"log_type":"account","traits":{"provider":"email"}}', '2025-11-03 12:07:38.971278+00', ''),
	('00000000-0000-0000-0000-000000000000', 'e16183c9-590c-48fc-8c5d-49ad2250f3ac', '{"action":"login","actor_id":"0343fca9-5ab1-4348-be5b-7b7f79a064df","actor_username":"castro.oceane@laposte.net","actor_via_sso":false,"log_type":"account","traits":{"provider":"email"}}', '2025-11-03 12:37:18.988204+00', ''),
	('00000000-0000-0000-0000-000000000000', '7c714d6f-3fbc-4585-a118-ce593b4e8b8b', '{"action":"logout","actor_id":"0343fca9-5ab1-4348-be5b-7b7f79a064df","actor_username":"castro.oceane@laposte.net","actor_via_sso":false,"log_type":"account"}', '2025-11-03 12:37:31.206931+00', ''),
	('00000000-0000-0000-0000-000000000000', 'edbc0f0f-168c-428b-bba1-0a65a294cef2', '{"action":"login","actor_id":"0343fca9-5ab1-4348-be5b-7b7f79a064df","actor_username":"castro.oceane@laposte.net","actor_via_sso":false,"log_type":"account","traits":{"provider":"email"}}', '2025-11-03 13:57:08.51925+00', ''),
	('00000000-0000-0000-0000-000000000000', '9f1a9c8b-3076-4cf0-9e3a-ddcebb76da5b', '{"action":"logout","actor_id":"0343fca9-5ab1-4348-be5b-7b7f79a064df","actor_username":"castro.oceane@laposte.net","actor_via_sso":false,"log_type":"account"}', '2025-11-03 13:57:16.496941+00', ''),
	('00000000-0000-0000-0000-000000000000', '4144df57-e209-4428-a883-1c646577cda5', '{"action":"login","actor_id":"0343fca9-5ab1-4348-be5b-7b7f79a064df","actor_username":"castro.oceane@laposte.net","actor_via_sso":false,"log_type":"account","traits":{"provider":"email"}}', '2025-11-03 13:57:26.586491+00', ''),
	('00000000-0000-0000-0000-000000000000', '285c3a80-1624-458e-b946-852691fa3f2a', '{"action":"logout","actor_id":"0343fca9-5ab1-4348-be5b-7b7f79a064df","actor_username":"castro.oceane@laposte.net","actor_via_sso":false,"log_type":"account"}', '2025-11-03 13:57:48.429493+00', ''),
	('00000000-0000-0000-0000-000000000000', 'bd3b1499-9c1a-49d6-ba87-c1f5074e3760', '{"action":"login","actor_id":"0343fca9-5ab1-4348-be5b-7b7f79a064df","actor_username":"castro.oceane@laposte.net","actor_via_sso":false,"log_type":"account","traits":{"provider":"email"}}', '2025-11-03 15:43:21.786165+00', ''),
	('00000000-0000-0000-0000-000000000000', '50c6f90a-3d90-46b5-802d-9fae3fce1a1e', '{"action":"token_refreshed","actor_id":"0343fca9-5ab1-4348-be5b-7b7f79a064df","actor_username":"castro.oceane@laposte.net","actor_via_sso":false,"log_type":"token"}', '2025-11-03 22:39:29.019214+00', ''),
	('00000000-0000-0000-0000-000000000000', '8ad239ed-2595-432f-a19c-71315518bb60', '{"action":"token_revoked","actor_id":"0343fca9-5ab1-4348-be5b-7b7f79a064df","actor_username":"castro.oceane@laposte.net","actor_via_sso":false,"log_type":"token"}', '2025-11-03 22:39:29.020807+00', ''),
	('00000000-0000-0000-0000-000000000000', '7d9517ee-6e72-44e5-8483-c2004cc9b48a', '{"action":"token_refreshed","actor_id":"0343fca9-5ab1-4348-be5b-7b7f79a064df","actor_username":"castro.oceane@laposte.net","actor_via_sso":false,"log_type":"token"}', '2025-11-03 23:58:23.777646+00', ''),
	('00000000-0000-0000-0000-000000000000', '741fb2c8-0237-4a9b-b632-730a5ad99313', '{"action":"token_revoked","actor_id":"0343fca9-5ab1-4348-be5b-7b7f79a064df","actor_username":"castro.oceane@laposte.net","actor_via_sso":false,"log_type":"token"}', '2025-11-03 23:58:23.778675+00', ''),
	('00000000-0000-0000-0000-000000000000', 'dad65173-aed4-4622-82c5-6dd8bb42f076', '{"action":"login","actor_id":"0343fca9-5ab1-4348-be5b-7b7f79a064df","actor_username":"castro.oceane@laposte.net","actor_via_sso":false,"log_type":"account","traits":{"provider":"email"}}', '2025-11-04 00:29:54.147765+00', ''),
	('00000000-0000-0000-0000-000000000000', '3b4dc3df-d76b-427a-b2cc-99b6fbd9044e', '{"action":"logout","actor_id":"0343fca9-5ab1-4348-be5b-7b7f79a064df","actor_username":"castro.oceane@laposte.net","actor_via_sso":false,"log_type":"account"}', '2025-11-04 00:29:55.527917+00', ''),
	('00000000-0000-0000-0000-000000000000', '9d1fa7c5-9937-41d6-aea3-dc6d4481cf17', '{"action":"login","actor_id":"0343fca9-5ab1-4348-be5b-7b7f79a064df","actor_username":"castro.oceane@laposte.net","actor_via_sso":false,"log_type":"account","traits":{"provider":"email"}}', '2025-11-04 00:30:16.826477+00', ''),
	('00000000-0000-0000-0000-000000000000', 'c4aff795-1e3d-40b7-b843-fcac8e972fc1', '{"action":"logout","actor_id":"0343fca9-5ab1-4348-be5b-7b7f79a064df","actor_username":"castro.oceane@laposte.net","actor_via_sso":false,"log_type":"account"}', '2025-11-04 01:06:35.958823+00', ''),
	('00000000-0000-0000-0000-000000000000', 'd91782f3-bd09-4305-8c37-b3185cc5f160', '{"action":"login","actor_id":"0343fca9-5ab1-4348-be5b-7b7f79a064df","actor_username":"castro.oceane@laposte.net","actor_via_sso":false,"log_type":"account","traits":{"provider":"email"}}', '2025-11-04 01:07:29.366317+00', ''),
	('00000000-0000-0000-0000-000000000000', '579b7b05-6bd3-4253-82ce-6ea64fe9fa93', '{"action":"logout","actor_id":"0343fca9-5ab1-4348-be5b-7b7f79a064df","actor_username":"castro.oceane@laposte.net","actor_via_sso":false,"log_type":"account"}', '2025-11-04 01:14:13.427084+00', ''),
	('00000000-0000-0000-0000-000000000000', '0abd16b2-8d20-4d79-9fa0-e8bac5bcd52e', '{"action":"login","actor_id":"0343fca9-5ab1-4348-be5b-7b7f79a064df","actor_username":"castro.oceane@laposte.net","actor_via_sso":false,"log_type":"account","traits":{"provider":"email"}}', '2025-11-04 01:14:50.793648+00', ''),
	('00000000-0000-0000-0000-000000000000', 'b7de301b-cef5-4a90-9d73-4696c9046656', '{"action":"logout","actor_id":"0343fca9-5ab1-4348-be5b-7b7f79a064df","actor_username":"castro.oceane@laposte.net","actor_via_sso":false,"log_type":"account"}', '2025-11-04 01:14:55.978495+00', ''),
	('00000000-0000-0000-0000-000000000000', '59ebda00-7296-4098-b732-baa15764c682', '{"action":"login","actor_id":"0343fca9-5ab1-4348-be5b-7b7f79a064df","actor_username":"castro.oceane@laposte.net","actor_via_sso":false,"log_type":"account","traits":{"provider":"email"}}', '2025-11-04 01:20:48.54192+00', ''),
	('00000000-0000-0000-0000-000000000000', '13a04622-6493-4acb-a66a-2afde63dce8a', '{"action":"logout","actor_id":"0343fca9-5ab1-4348-be5b-7b7f79a064df","actor_username":"castro.oceane@laposte.net","actor_via_sso":false,"log_type":"account"}', '2025-11-04 01:20:54.181054+00', ''),
	('00000000-0000-0000-0000-000000000000', 'e90cabfa-b2b4-42e4-8e0b-e8fe9f69de48', '{"action":"login","actor_id":"0343fca9-5ab1-4348-be5b-7b7f79a064df","actor_username":"castro.oceane@laposte.net","actor_via_sso":false,"log_type":"account","traits":{"provider":"email"}}', '2025-11-04 01:21:40.207545+00', ''),
	('00000000-0000-0000-0000-000000000000', '5b4c86d5-5e77-4aed-ab8c-d6bf08797fa2', '{"action":"logout","actor_id":"0343fca9-5ab1-4348-be5b-7b7f79a064df","actor_username":"castro.oceane@laposte.net","actor_via_sso":false,"log_type":"account"}', '2025-11-04 01:22:14.141127+00', ''),
	('00000000-0000-0000-0000-000000000000', '14cd89a1-ff5c-46aa-a44b-f608d6f84841', '{"action":"login","actor_id":"0343fca9-5ab1-4348-be5b-7b7f79a064df","actor_username":"castro.oceane@laposte.net","actor_via_sso":false,"log_type":"account","traits":{"provider":"email"}}', '2025-11-04 01:22:30.074763+00', ''),
	('00000000-0000-0000-0000-000000000000', '3e6c0d12-010e-4f0f-8a83-eff723766571', '{"action":"logout","actor_id":"0343fca9-5ab1-4348-be5b-7b7f79a064df","actor_username":"castro.oceane@laposte.net","actor_via_sso":false,"log_type":"account"}', '2025-11-04 01:24:55.878568+00', ''),
	('00000000-0000-0000-0000-000000000000', '202fd833-8b45-40e2-b541-3efece938820', '{"action":"login","actor_id":"0343fca9-5ab1-4348-be5b-7b7f79a064df","actor_username":"castro.oceane@laposte.net","actor_via_sso":false,"log_type":"account","traits":{"provider":"email"}}', '2025-11-04 01:40:39.406909+00', ''),
	('00000000-0000-0000-0000-000000000000', 'c705c220-3cd9-4698-b5b0-85ca75c372ad', '{"action":"logout","actor_id":"0343fca9-5ab1-4348-be5b-7b7f79a064df","actor_username":"castro.oceane@laposte.net","actor_via_sso":false,"log_type":"account"}', '2025-11-04 01:42:15.469812+00', ''),
	('00000000-0000-0000-0000-000000000000', '089467e8-4bf7-4ef6-9019-0ba0c5f82556', '{"action":"login","actor_id":"0343fca9-5ab1-4348-be5b-7b7f79a064df","actor_username":"castro.oceane@laposte.net","actor_via_sso":false,"log_type":"account","traits":{"provider":"email"}}', '2025-11-04 01:58:10.23759+00', ''),
	('00000000-0000-0000-0000-000000000000', '4e2b1a79-e455-46ac-bb3b-10428e36d1fd', '{"action":"logout","actor_id":"0343fca9-5ab1-4348-be5b-7b7f79a064df","actor_username":"castro.oceane@laposte.net","actor_via_sso":false,"log_type":"account"}', '2025-11-04 01:58:24.158556+00', ''),
	('00000000-0000-0000-0000-000000000000', 'ace00756-22ed-4321-89da-2bd63837cf70', '{"action":"login","actor_id":"0343fca9-5ab1-4348-be5b-7b7f79a064df","actor_username":"castro.oceane@laposte.net","actor_via_sso":false,"log_type":"account","traits":{"provider":"email"}}', '2025-11-04 01:58:25.803774+00', ''),
	('00000000-0000-0000-0000-000000000000', 'cb30c87c-5b47-4ec3-88bf-9bf88d42b417', '{"action":"logout","actor_id":"0343fca9-5ab1-4348-be5b-7b7f79a064df","actor_username":"castro.oceane@laposte.net","actor_via_sso":false,"log_type":"account"}', '2025-11-04 01:58:30.496106+00', ''),
	('00000000-0000-0000-0000-000000000000', '7b6c56e6-1b14-45d8-a129-09a37f564447', '{"action":"login","actor_id":"0343fca9-5ab1-4348-be5b-7b7f79a064df","actor_username":"castro.oceane@laposte.net","actor_via_sso":false,"log_type":"account","traits":{"provider":"email"}}', '2025-11-04 01:58:47.324464+00', ''),
	('00000000-0000-0000-0000-000000000000', 'aabbfbd3-3c1b-4848-8c00-e5ff106ea575', '{"action":"logout","actor_id":"0343fca9-5ab1-4348-be5b-7b7f79a064df","actor_username":"castro.oceane@laposte.net","actor_via_sso":false,"log_type":"account"}', '2025-11-04 02:24:44.569583+00', ''),
	('00000000-0000-0000-0000-000000000000', 'feddeef2-2c46-4fb1-ac31-ffb648643401', '{"action":"login","actor_id":"0343fca9-5ab1-4348-be5b-7b7f79a064df","actor_username":"castro.oceane@laposte.net","actor_via_sso":false,"log_type":"account","traits":{"provider":"email"}}', '2025-11-04 02:27:03.762431+00', ''),
	('00000000-0000-0000-0000-000000000000', 'db435329-f436-4080-87f5-68a4fdd0c1b4', '{"action":"logout","actor_id":"0343fca9-5ab1-4348-be5b-7b7f79a064df","actor_username":"castro.oceane@laposte.net","actor_via_sso":false,"log_type":"account"}', '2025-11-04 03:03:13.441463+00', ''),
	('00000000-0000-0000-0000-000000000000', '7a6aa21b-23da-424a-a4d6-2b7ea21bc5e2', '{"action":"login","actor_id":"0343fca9-5ab1-4348-be5b-7b7f79a064df","actor_username":"castro.oceane@laposte.net","actor_via_sso":false,"log_type":"account","traits":{"provider":"email"}}', '2025-11-04 03:04:03.689308+00', ''),
	('00000000-0000-0000-0000-000000000000', '02f3c714-b866-4d47-975a-736241049792', '{"action":"logout","actor_id":"0343fca9-5ab1-4348-be5b-7b7f79a064df","actor_username":"castro.oceane@laposte.net","actor_via_sso":false,"log_type":"account"}', '2025-11-04 03:09:22.92635+00', ''),
	('00000000-0000-0000-0000-000000000000', 'c30e0fd2-533c-4693-a9ea-90f183eb6d7a', '{"action":"login","actor_id":"0343fca9-5ab1-4348-be5b-7b7f79a064df","actor_username":"castro.oceane@laposte.net","actor_via_sso":false,"log_type":"account","traits":{"provider":"email"}}', '2025-11-04 03:09:45.791011+00', ''),
	('00000000-0000-0000-0000-000000000000', '739bad0e-d01f-4776-bd72-08b858d95e44', '{"action":"logout","actor_id":"0343fca9-5ab1-4348-be5b-7b7f79a064df","actor_username":"castro.oceane@laposte.net","actor_via_sso":false,"log_type":"account"}', '2025-11-04 03:10:53.09646+00', ''),
	('00000000-0000-0000-0000-000000000000', '5ad8fca8-f896-4b96-9495-437ee2cc27dd', '{"action":"login","actor_id":"0343fca9-5ab1-4348-be5b-7b7f79a064df","actor_username":"castro.oceane@laposte.net","actor_via_sso":false,"log_type":"account","traits":{"provider":"email"}}', '2025-11-04 03:11:23.049322+00', ''),
	('00000000-0000-0000-0000-000000000000', '5a30d3cb-051f-465a-be58-6768eca05402', '{"action":"logout","actor_id":"0343fca9-5ab1-4348-be5b-7b7f79a064df","actor_username":"castro.oceane@laposte.net","actor_via_sso":false,"log_type":"account"}', '2025-11-04 03:44:41.908614+00', ''),
	('00000000-0000-0000-0000-000000000000', '3bec685f-9372-486d-8c16-673311585d77', '{"action":"login","actor_id":"0343fca9-5ab1-4348-be5b-7b7f79a064df","actor_username":"castro.oceane@laposte.net","actor_via_sso":false,"log_type":"account","traits":{"provider":"email"}}', '2025-11-04 04:05:43.13267+00', ''),
	('00000000-0000-0000-0000-000000000000', 'f9ed3f1f-cb0f-4f10-b10e-43e317bc7692', '{"action":"logout","actor_id":"0343fca9-5ab1-4348-be5b-7b7f79a064df","actor_username":"castro.oceane@laposte.net","actor_via_sso":false,"log_type":"account"}', '2025-11-04 04:05:44.311427+00', ''),
	('00000000-0000-0000-0000-000000000000', '61560cfd-1496-46be-895e-dcaa4723115a', '{"action":"login","actor_id":"0343fca9-5ab1-4348-be5b-7b7f79a064df","actor_username":"castro.oceane@laposte.net","actor_via_sso":false,"log_type":"account","traits":{"provider":"email"}}', '2025-11-04 04:06:55.972896+00', ''),
	('00000000-0000-0000-0000-000000000000', '51b0e501-c04f-44fa-983c-b42c1a32c2c5', '{"action":"logout","actor_id":"0343fca9-5ab1-4348-be5b-7b7f79a064df","actor_username":"castro.oceane@laposte.net","actor_via_sso":false,"log_type":"account"}', '2025-11-04 04:08:02.793486+00', ''),
	('00000000-0000-0000-0000-000000000000', '437e831e-f697-4ec0-be30-e7969efff1b4', '{"action":"login","actor_id":"0343fca9-5ab1-4348-be5b-7b7f79a064df","actor_username":"castro.oceane@laposte.net","actor_via_sso":false,"log_type":"account","traits":{"provider":"email"}}', '2025-11-04 04:19:25.980206+00', ''),
	('00000000-0000-0000-0000-000000000000', '8c8e75e2-bc96-4d79-b7c6-0f26652fdb4f', '{"action":"logout","actor_id":"0343fca9-5ab1-4348-be5b-7b7f79a064df","actor_username":"castro.oceane@laposte.net","actor_via_sso":false,"log_type":"account"}', '2025-11-04 04:19:31.556896+00', ''),
	('00000000-0000-0000-0000-000000000000', 'f36bc005-63fd-4cd6-b55d-5891cfce0049', '{"action":"login","actor_id":"0343fca9-5ab1-4348-be5b-7b7f79a064df","actor_username":"castro.oceane@laposte.net","actor_via_sso":false,"log_type":"account","traits":{"provider":"email"}}', '2025-11-04 04:22:29.28813+00', ''),
	('00000000-0000-0000-0000-000000000000', '37808d55-6577-4a84-81d4-11eca850c0cf', '{"action":"token_refreshed","actor_id":"0343fca9-5ab1-4348-be5b-7b7f79a064df","actor_username":"castro.oceane@laposte.net","actor_via_sso":false,"log_type":"token"}', '2025-11-04 12:37:01.491035+00', ''),
	('00000000-0000-0000-0000-000000000000', '5c56c9e0-5fba-4967-80c4-0a4f29b01df4', '{"action":"token_revoked","actor_id":"0343fca9-5ab1-4348-be5b-7b7f79a064df","actor_username":"castro.oceane@laposte.net","actor_via_sso":false,"log_type":"token"}', '2025-11-04 12:37:01.496325+00', ''),
	('00000000-0000-0000-0000-000000000000', 'bdb7cb35-46cd-43b7-9594-f247ac1094bd', '{"action":"logout","actor_id":"0343fca9-5ab1-4348-be5b-7b7f79a064df","actor_username":"castro.oceane@laposte.net","actor_via_sso":false,"log_type":"account"}', '2025-11-04 12:37:13.420972+00', ''),
	('00000000-0000-0000-0000-000000000000', '18e8d99e-ce3d-47c1-b7bb-141f435b3aa2', '{"action":"login","actor_id":"0343fca9-5ab1-4348-be5b-7b7f79a064df","actor_username":"castro.oceane@laposte.net","actor_via_sso":false,"log_type":"account","traits":{"provider":"email"}}', '2025-11-04 12:37:16.997973+00', ''),
	('00000000-0000-0000-0000-000000000000', '878bc051-c814-46cd-8ae6-fd0cda00e677', '{"action":"logout","actor_id":"0343fca9-5ab1-4348-be5b-7b7f79a064df","actor_username":"castro.oceane@laposte.net","actor_via_sso":false,"log_type":"account"}', '2025-11-04 12:37:22.82096+00', ''),
	('00000000-0000-0000-0000-000000000000', '419bc220-77e5-42c3-8b83-febf81517e16', '{"action":"login","actor_id":"0343fca9-5ab1-4348-be5b-7b7f79a064df","actor_username":"castro.oceane@laposte.net","actor_via_sso":false,"log_type":"account","traits":{"provider":"email"}}', '2025-11-04 12:37:25.100178+00', ''),
	('00000000-0000-0000-0000-000000000000', 'ddf4a819-60c6-481f-82f6-8fd38bf10ac4', '{"action":"logout","actor_id":"0343fca9-5ab1-4348-be5b-7b7f79a064df","actor_username":"castro.oceane@laposte.net","actor_via_sso":false,"log_type":"account"}', '2025-11-04 13:06:17.234303+00', ''),
	('00000000-0000-0000-0000-000000000000', '09742d06-82c0-45ac-ad54-b25b430f39c6', '{"action":"login","actor_id":"0343fca9-5ab1-4348-be5b-7b7f79a064df","actor_username":"castro.oceane@laposte.net","actor_via_sso":false,"log_type":"account","traits":{"provider":"email"}}', '2025-11-04 13:06:42.699985+00', ''),
	('00000000-0000-0000-0000-000000000000', 'e28ff06e-f2bc-4181-9be2-6bc0ef588ca2', '{"action":"logout","actor_id":"0343fca9-5ab1-4348-be5b-7b7f79a064df","actor_username":"castro.oceane@laposte.net","actor_via_sso":false,"log_type":"account"}', '2025-11-04 13:10:12.844408+00', ''),
	('00000000-0000-0000-0000-000000000000', '6b3bfc5d-4bbf-4d75-a6a2-2ae6092b9233', '{"action":"login","actor_id":"0343fca9-5ab1-4348-be5b-7b7f79a064df","actor_username":"castro.oceane@laposte.net","actor_via_sso":false,"log_type":"account","traits":{"provider":"email"}}', '2025-11-04 13:14:56.601507+00', ''),
	('00000000-0000-0000-0000-000000000000', '22c7371a-6c9c-40c4-ab9d-86cc15563c5c', '{"action":"logout","actor_id":"0343fca9-5ab1-4348-be5b-7b7f79a064df","actor_username":"castro.oceane@laposte.net","actor_via_sso":false,"log_type":"account"}', '2025-11-04 13:15:46.830946+00', ''),
	('00000000-0000-0000-0000-000000000000', '1567a7a0-4b03-43db-9915-d618165a71c9', '{"action":"login","actor_id":"0343fca9-5ab1-4348-be5b-7b7f79a064df","actor_username":"castro.oceane@laposte.net","actor_via_sso":false,"log_type":"account","traits":{"provider":"email"}}', '2025-11-04 13:18:22.328039+00', ''),
	('00000000-0000-0000-0000-000000000000', 'aa01a52f-fde8-42d8-8d0e-98d0bebe7b07', '{"action":"logout","actor_id":"0343fca9-5ab1-4348-be5b-7b7f79a064df","actor_username":"castro.oceane@laposte.net","actor_via_sso":false,"log_type":"account"}', '2025-11-04 13:19:01.262432+00', ''),
	('00000000-0000-0000-0000-000000000000', '8c339aaa-884b-469a-baec-78555f60a2ed', '{"action":"login","actor_id":"0343fca9-5ab1-4348-be5b-7b7f79a064df","actor_username":"castro.oceane@laposte.net","actor_via_sso":false,"log_type":"account","traits":{"provider":"email"}}', '2025-11-05 00:29:33.511059+00', ''),
	('00000000-0000-0000-0000-000000000000', '2d0c5836-7a21-45a5-a763-5386d50dcd84', '{"action":"logout","actor_id":"0343fca9-5ab1-4348-be5b-7b7f79a064df","actor_username":"castro.oceane@laposte.net","actor_via_sso":false,"log_type":"account"}', '2025-11-05 00:32:16.953459+00', ''),
	('00000000-0000-0000-0000-000000000000', '14c81142-0108-467a-a8e4-1db5501d3650', '{"action":"login","actor_id":"0343fca9-5ab1-4348-be5b-7b7f79a064df","actor_username":"castro.oceane@laposte.net","actor_via_sso":false,"log_type":"account","traits":{"provider":"email"}}', '2025-11-05 00:33:19.22564+00', ''),
	('00000000-0000-0000-0000-000000000000', '579438fc-d24f-49cf-92a5-7e51ed56e8bc', '{"action":"logout","actor_id":"0343fca9-5ab1-4348-be5b-7b7f79a064df","actor_username":"castro.oceane@laposte.net","actor_via_sso":false,"log_type":"account"}', '2025-11-05 00:44:28.989652+00', ''),
	('00000000-0000-0000-0000-000000000000', 'c85d801d-e172-406d-866f-db58679fe4a4', '{"action":"login","actor_id":"0343fca9-5ab1-4348-be5b-7b7f79a064df","actor_username":"castro.oceane@laposte.net","actor_via_sso":false,"log_type":"account","traits":{"provider":"email"}}', '2025-11-05 00:49:17.01488+00', ''),
	('00000000-0000-0000-0000-000000000000', '018d90ce-9c05-41ac-bb61-a0e81f017967', '{"action":"logout","actor_id":"0343fca9-5ab1-4348-be5b-7b7f79a064df","actor_username":"castro.oceane@laposte.net","actor_via_sso":false,"log_type":"account"}', '2025-11-05 00:49:41.08188+00', ''),
	('00000000-0000-0000-0000-000000000000', 'feb9c00d-e87e-4660-af4d-56134960324d', '{"action":"login","actor_id":"0343fca9-5ab1-4348-be5b-7b7f79a064df","actor_username":"castro.oceane@laposte.net","actor_via_sso":false,"log_type":"account","traits":{"provider":"email"}}', '2025-11-05 00:51:20.456958+00', ''),
	('00000000-0000-0000-0000-000000000000', '7f17a9aa-8776-432a-97cc-7ca52e50b416', '{"action":"logout","actor_id":"0343fca9-5ab1-4348-be5b-7b7f79a064df","actor_username":"castro.oceane@laposte.net","actor_via_sso":false,"log_type":"account"}', '2025-11-05 00:59:16.542678+00', ''),
	('00000000-0000-0000-0000-000000000000', '243ffc28-52da-4fef-8c8c-7dd621e5e50f', '{"action":"login","actor_id":"0343fca9-5ab1-4348-be5b-7b7f79a064df","actor_username":"castro.oceane@laposte.net","actor_via_sso":false,"log_type":"account","traits":{"provider":"email"}}', '2025-11-05 01:00:04.610971+00', ''),
	('00000000-0000-0000-0000-000000000000', 'ec765f83-b38d-42a5-b8a2-82359afea388', '{"action":"logout","actor_id":"0343fca9-5ab1-4348-be5b-7b7f79a064df","actor_username":"castro.oceane@laposte.net","actor_via_sso":false,"log_type":"account"}', '2025-11-05 01:01:21.767724+00', ''),
	('00000000-0000-0000-0000-000000000000', '892e7122-f8b8-4fbc-8719-da3a2e5e15d6', '{"action":"login","actor_id":"0343fca9-5ab1-4348-be5b-7b7f79a064df","actor_username":"castro.oceane@laposte.net","actor_via_sso":false,"log_type":"account","traits":{"provider":"email"}}', '2025-11-05 01:02:02.730979+00', ''),
	('00000000-0000-0000-0000-000000000000', '2fc30244-8793-4254-bffc-b9aafde0d0ad', '{"action":"logout","actor_id":"0343fca9-5ab1-4348-be5b-7b7f79a064df","actor_username":"castro.oceane@laposte.net","actor_via_sso":false,"log_type":"account"}', '2025-11-05 01:47:32.427444+00', ''),
	('00000000-0000-0000-0000-000000000000', '753f7a2e-88ce-42eb-beae-31c40a93d021', '{"action":"login","actor_id":"0343fca9-5ab1-4348-be5b-7b7f79a064df","actor_username":"castro.oceane@laposte.net","actor_via_sso":false,"log_type":"account","traits":{"provider":"email"}}', '2025-11-05 01:56:15.93789+00', ''),
	('00000000-0000-0000-0000-000000000000', '41eb9367-8033-4c1d-8e89-b49c1a8e956f', '{"action":"logout","actor_id":"0343fca9-5ab1-4348-be5b-7b7f79a064df","actor_username":"castro.oceane@laposte.net","actor_via_sso":false,"log_type":"account"}', '2025-11-05 02:49:10.077432+00', ''),
	('00000000-0000-0000-0000-000000000000', 'fc482534-3b6a-4d16-8901-51906bb80f76', '{"action":"login","actor_id":"0343fca9-5ab1-4348-be5b-7b7f79a064df","actor_username":"castro.oceane@laposte.net","actor_via_sso":false,"log_type":"account","traits":{"provider":"email"}}', '2025-11-05 02:49:16.411478+00', ''),
	('00000000-0000-0000-0000-000000000000', 'e2035577-792c-43af-a3bf-4d6d0f6ac705', '{"action":"login","actor_id":"0343fca9-5ab1-4348-be5b-7b7f79a064df","actor_username":"castro.oceane@laposte.net","actor_via_sso":false,"log_type":"account","traits":{"provider":"email"}}', '2025-11-05 02:52:46.596076+00', ''),
	('00000000-0000-0000-0000-000000000000', 'b7faa75b-3b75-4a41-835b-8018834c691f', '{"action":"logout","actor_id":"0343fca9-5ab1-4348-be5b-7b7f79a064df","actor_username":"castro.oceane@laposte.net","actor_via_sso":false,"log_type":"account"}', '2025-11-05 02:54:10.807596+00', ''),
	('00000000-0000-0000-0000-000000000000', '64018c21-5605-4c74-88fa-24267f72781b', '{"action":"login","actor_id":"0343fca9-5ab1-4348-be5b-7b7f79a064df","actor_username":"castro.oceane@laposte.net","actor_via_sso":false,"log_type":"account","traits":{"provider":"email"}}', '2025-11-05 02:54:44.11044+00', ''),
	('00000000-0000-0000-0000-000000000000', '1b14f085-d08f-4121-94cc-cab95aa2e83c', '{"action":"logout","actor_id":"0343fca9-5ab1-4348-be5b-7b7f79a064df","actor_username":"castro.oceane@laposte.net","actor_via_sso":false,"log_type":"account"}', '2025-11-05 02:55:22.665855+00', ''),
	('00000000-0000-0000-0000-000000000000', 'bff05223-77c0-4547-8469-eaec43e9129b', '{"action":"login","actor_id":"0343fca9-5ab1-4348-be5b-7b7f79a064df","actor_username":"castro.oceane@laposte.net","actor_via_sso":false,"log_type":"account","traits":{"provider":"email"}}', '2025-11-05 03:11:46.530713+00', ''),
	('00000000-0000-0000-0000-000000000000', '5239e2f7-ed46-446f-bfc9-f0eb1829eccc', '{"action":"logout","actor_id":"0343fca9-5ab1-4348-be5b-7b7f79a064df","actor_username":"castro.oceane@laposte.net","actor_via_sso":false,"log_type":"account"}', '2025-11-05 03:11:54.296537+00', ''),
	('00000000-0000-0000-0000-000000000000', 'db56dd66-e8f7-444d-90e8-e96480b32745', '{"action":"login","actor_id":"0343fca9-5ab1-4348-be5b-7b7f79a064df","actor_username":"castro.oceane@laposte.net","actor_via_sso":false,"log_type":"account","traits":{"provider":"email"}}', '2025-11-05 03:14:44.976968+00', ''),
	('00000000-0000-0000-0000-000000000000', '07f400ba-01b1-48e8-93a5-aad0655c7bd3', '{"action":"logout","actor_id":"0343fca9-5ab1-4348-be5b-7b7f79a064df","actor_username":"castro.oceane@laposte.net","actor_via_sso":false,"log_type":"account"}', '2025-11-05 03:14:49.996613+00', ''),
	('00000000-0000-0000-0000-000000000000', '7924c577-f181-44f3-979d-daf3253fb4ce', '{"action":"login","actor_id":"0343fca9-5ab1-4348-be5b-7b7f79a064df","actor_username":"castro.oceane@laposte.net","actor_via_sso":false,"log_type":"account","traits":{"provider":"email"}}', '2025-11-05 03:15:05.759344+00', ''),
	('00000000-0000-0000-0000-000000000000', '5308377f-91fa-40ff-9dc2-c379119d1ecb', '{"action":"logout","actor_id":"0343fca9-5ab1-4348-be5b-7b7f79a064df","actor_username":"castro.oceane@laposte.net","actor_via_sso":false,"log_type":"account"}', '2025-11-05 03:17:24.708746+00', ''),
	('00000000-0000-0000-0000-000000000000', 'a956a3db-7794-445e-a524-abe05df25762', '{"action":"login","actor_id":"0343fca9-5ab1-4348-be5b-7b7f79a064df","actor_username":"castro.oceane@laposte.net","actor_via_sso":false,"log_type":"account","traits":{"provider":"email"}}', '2025-11-05 03:17:38.346169+00', ''),
	('00000000-0000-0000-0000-000000000000', '5cda5920-19f9-418e-b154-74c6e6ae3252', '{"action":"logout","actor_id":"0343fca9-5ab1-4348-be5b-7b7f79a064df","actor_username":"castro.oceane@laposte.net","actor_via_sso":false,"log_type":"account"}', '2025-11-05 03:17:43.237221+00', ''),
	('00000000-0000-0000-0000-000000000000', '2e7b6ae5-9a61-4bfd-8c3e-fddc5b4f87c8', '{"action":"login","actor_id":"0343fca9-5ab1-4348-be5b-7b7f79a064df","actor_username":"castro.oceane@laposte.net","actor_via_sso":false,"log_type":"account","traits":{"provider":"email"}}', '2025-11-05 10:41:26.087866+00', ''),
	('00000000-0000-0000-0000-000000000000', 'ba4dad7d-c058-4ad4-b415-57aa3d4155c0', '{"action":"logout","actor_id":"0343fca9-5ab1-4348-be5b-7b7f79a064df","actor_username":"castro.oceane@laposte.net","actor_via_sso":false,"log_type":"account"}', '2025-11-05 10:41:33.926423+00', ''),
	('00000000-0000-0000-0000-000000000000', '11ef01bc-9915-4c7c-bf0b-bb0e56156ca2', '{"action":"login","actor_id":"0343fca9-5ab1-4348-be5b-7b7f79a064df","actor_username":"castro.oceane@laposte.net","actor_via_sso":false,"log_type":"account","traits":{"provider":"email"}}', '2025-11-05 10:41:52.801862+00', ''),
	('00000000-0000-0000-0000-000000000000', '580d6d71-eb8a-4836-85b8-d2fd9a8635aa', '{"action":"logout","actor_id":"0343fca9-5ab1-4348-be5b-7b7f79a064df","actor_username":"castro.oceane@laposte.net","actor_via_sso":false,"log_type":"account"}', '2025-11-05 11:22:51.836202+00', ''),
	('00000000-0000-0000-0000-000000000000', '6ee8aa8b-9cf5-4f9d-ae69-2453534a3bf5', '{"action":"login","actor_id":"0343fca9-5ab1-4348-be5b-7b7f79a064df","actor_username":"castro.oceane@laposte.net","actor_via_sso":false,"log_type":"account","traits":{"provider":"email"}}', '2025-11-05 11:23:43.956411+00', ''),
	('00000000-0000-0000-0000-000000000000', '0cf8691c-06b4-4790-9c76-3c8f4bfd9c96', '{"action":"logout","actor_id":"0343fca9-5ab1-4348-be5b-7b7f79a064df","actor_username":"castro.oceane@laposte.net","actor_via_sso":false,"log_type":"account"}', '2025-11-05 11:32:54.419513+00', ''),
	('00000000-0000-0000-0000-000000000000', 'b2d31788-cf62-48eb-88cf-81104d12c5a3', '{"action":"login","actor_id":"0343fca9-5ab1-4348-be5b-7b7f79a064df","actor_username":"castro.oceane@laposte.net","actor_via_sso":false,"log_type":"account","traits":{"provider":"email"}}', '2025-11-05 11:33:04.161213+00', ''),
	('00000000-0000-0000-0000-000000000000', '0dbf84e5-eb33-4d59-b6b0-ab3f1dbf2563', '{"action":"logout","actor_id":"0343fca9-5ab1-4348-be5b-7b7f79a064df","actor_username":"castro.oceane@laposte.net","actor_via_sso":false,"log_type":"account"}', '2025-11-05 11:55:05.900545+00', ''),
	('00000000-0000-0000-0000-000000000000', '286b7316-3e2a-4d2c-bff8-46a2230e09db', '{"action":"login","actor_id":"0343fca9-5ab1-4348-be5b-7b7f79a064df","actor_username":"castro.oceane@laposte.net","actor_via_sso":false,"log_type":"account","traits":{"provider":"email"}}', '2025-11-05 11:55:19.384674+00', ''),
	('00000000-0000-0000-0000-000000000000', '80278c73-d1a8-4256-b7d9-b773954cdded', '{"action":"logout","actor_id":"0343fca9-5ab1-4348-be5b-7b7f79a064df","actor_username":"castro.oceane@laposte.net","actor_via_sso":false,"log_type":"account"}', '2025-11-05 11:56:08.771999+00', ''),
	('00000000-0000-0000-0000-000000000000', '09584bf4-2259-40e8-8bf2-b5b354fe344d', '{"action":"login","actor_id":"0343fca9-5ab1-4348-be5b-7b7f79a064df","actor_username":"castro.oceane@laposte.net","actor_via_sso":false,"log_type":"account","traits":{"provider":"email"}}', '2025-11-05 12:22:51.240789+00', ''),
	('00000000-0000-0000-0000-000000000000', 'b42a59e7-894f-49a5-ae8b-2f5b4e320615', '{"action":"logout","actor_id":"0343fca9-5ab1-4348-be5b-7b7f79a064df","actor_username":"castro.oceane@laposte.net","actor_via_sso":false,"log_type":"account"}', '2025-11-05 12:22:53.434572+00', ''),
	('00000000-0000-0000-0000-000000000000', '098c8b91-d5bb-4a52-9fe4-230b52b1bfe4', '{"action":"login","actor_id":"0343fca9-5ab1-4348-be5b-7b7f79a064df","actor_username":"castro.oceane@laposte.net","actor_via_sso":false,"log_type":"account","traits":{"provider":"email"}}', '2025-11-05 12:24:19.409584+00', ''),
	('00000000-0000-0000-0000-000000000000', '89c2404d-680e-46c6-ac4f-778fcb9228bb', '{"action":"login","actor_id":"0343fca9-5ab1-4348-be5b-7b7f79a064df","actor_username":"castro.oceane@laposte.net","actor_via_sso":false,"log_type":"account","traits":{"provider":"email"}}', '2025-11-05 12:25:40.244225+00', ''),
	('00000000-0000-0000-0000-000000000000', 'c81e6248-fbaf-41e3-8d46-b1fbf82b98ff', '{"action":"login","actor_id":"0343fca9-5ab1-4348-be5b-7b7f79a064df","actor_username":"castro.oceane@laposte.net","actor_via_sso":false,"log_type":"account","traits":{"provider":"email"}}', '2025-11-05 12:26:15.00823+00', ''),
	('00000000-0000-0000-0000-000000000000', '64ca5df0-cc03-4ccf-8d70-e98fb10a0516', '{"action":"login","actor_id":"0343fca9-5ab1-4348-be5b-7b7f79a064df","actor_username":"castro.oceane@laposte.net","actor_via_sso":false,"log_type":"account","traits":{"provider":"email"}}', '2025-11-05 12:29:21.865039+00', ''),
	('00000000-0000-0000-0000-000000000000', '42839140-d06e-4041-ac10-33f69297d567', '{"action":"token_refreshed","actor_id":"0343fca9-5ab1-4348-be5b-7b7f79a064df","actor_username":"castro.oceane@laposte.net","actor_via_sso":false,"log_type":"token"}', '2025-11-05 13:27:55.173214+00', ''),
	('00000000-0000-0000-0000-000000000000', '6a13d922-6b4d-452b-95bb-ce9fd5323b06', '{"action":"token_revoked","actor_id":"0343fca9-5ab1-4348-be5b-7b7f79a064df","actor_username":"castro.oceane@laposte.net","actor_via_sso":false,"log_type":"token"}', '2025-11-05 13:27:55.174577+00', ''),
	('00000000-0000-0000-0000-000000000000', 'be7ab9c9-9494-4cd4-a373-8022bb492c08', '{"action":"logout","actor_id":"0343fca9-5ab1-4348-be5b-7b7f79a064df","actor_username":"castro.oceane@laposte.net","actor_via_sso":false,"log_type":"account"}', '2025-11-05 13:44:47.097601+00', ''),
	('00000000-0000-0000-0000-000000000000', 'f3dd4f55-6bec-4a6f-ad59-d05845146d48', '{"action":"login","actor_id":"0343fca9-5ab1-4348-be5b-7b7f79a064df","actor_username":"castro.oceane@laposte.net","actor_via_sso":false,"log_type":"account","traits":{"provider":"email"}}', '2025-11-05 13:44:49.823499+00', ''),
	('00000000-0000-0000-0000-000000000000', 'da88b7af-33ce-46ef-a82d-e2d45c71e9e6', '{"action":"logout","actor_id":"0343fca9-5ab1-4348-be5b-7b7f79a064df","actor_username":"castro.oceane@laposte.net","actor_via_sso":false,"log_type":"account"}', '2025-11-05 13:44:59.274571+00', ''),
	('00000000-0000-0000-0000-000000000000', '2643fe7c-85b6-4e33-8134-e1d4bf8d4f0c', '{"action":"login","actor_id":"0343fca9-5ab1-4348-be5b-7b7f79a064df","actor_username":"castro.oceane@laposte.net","actor_via_sso":false,"log_type":"account","traits":{"provider":"email"}}', '2025-11-05 15:30:06.788127+00', ''),
	('00000000-0000-0000-0000-000000000000', '4964ba31-8b87-456e-83a2-7a8bbd8e4fd4', '{"action":"logout","actor_id":"0343fca9-5ab1-4348-be5b-7b7f79a064df","actor_username":"castro.oceane@laposte.net","actor_via_sso":false,"log_type":"account"}', '2025-11-05 15:31:21.018036+00', ''),
	('00000000-0000-0000-0000-000000000000', '171c211e-ff3a-4499-8070-60fd996947d2', '{"action":"login","actor_id":"0343fca9-5ab1-4348-be5b-7b7f79a064df","actor_username":"castro.oceane@laposte.net","actor_via_sso":false,"log_type":"account","traits":{"provider":"email"}}', '2025-11-05 15:31:30.188475+00', ''),
	('00000000-0000-0000-0000-000000000000', 'e0c726b9-153d-43e2-9dbc-5a6adfe5f0e7', '{"action":"logout","actor_id":"0343fca9-5ab1-4348-be5b-7b7f79a064df","actor_username":"castro.oceane@laposte.net","actor_via_sso":false,"log_type":"account"}', '2025-11-05 15:32:58.565583+00', ''),
	('00000000-0000-0000-0000-000000000000', '04f87c2e-594b-43aa-843e-5a03fbfb32ea', '{"action":"login","actor_id":"0343fca9-5ab1-4348-be5b-7b7f79a064df","actor_username":"castro.oceane@laposte.net","actor_via_sso":false,"log_type":"account","traits":{"provider":"email"}}', '2025-11-05 15:35:28.388288+00', ''),
	('00000000-0000-0000-0000-000000000000', 'e6140653-d54d-4ca1-bceb-64ef51fd9bed', '{"action":"logout","actor_id":"0343fca9-5ab1-4348-be5b-7b7f79a064df","actor_username":"castro.oceane@laposte.net","actor_via_sso":false,"log_type":"account"}', '2025-11-05 15:36:23.02158+00', ''),
	('00000000-0000-0000-0000-000000000000', '4ae9231f-debf-49dd-8ea7-13bb6ab09661', '{"action":"login","actor_id":"0343fca9-5ab1-4348-be5b-7b7f79a064df","actor_username":"castro.oceane@laposte.net","actor_via_sso":false,"log_type":"account","traits":{"provider":"email"}}', '2025-11-05 15:36:37.453222+00', ''),
	('00000000-0000-0000-0000-000000000000', '2392cdac-67ac-4c99-8f49-9cdcc8cd5295', '{"action":"logout","actor_id":"0343fca9-5ab1-4348-be5b-7b7f79a064df","actor_username":"castro.oceane@laposte.net","actor_via_sso":false,"log_type":"account"}', '2025-11-05 15:37:03.932623+00', ''),
	('00000000-0000-0000-0000-000000000000', 'a50ee50b-8812-46c8-976f-0642d1c3ed1c', '{"action":"login","actor_id":"0343fca9-5ab1-4348-be5b-7b7f79a064df","actor_username":"castro.oceane@laposte.net","actor_via_sso":false,"log_type":"account","traits":{"provider":"email"}}', '2025-11-05 15:37:24.917248+00', ''),
	('00000000-0000-0000-0000-000000000000', '3877d1e8-945a-4a73-9097-11461946cec4', '{"action":"logout","actor_id":"0343fca9-5ab1-4348-be5b-7b7f79a064df","actor_username":"castro.oceane@laposte.net","actor_via_sso":false,"log_type":"account"}', '2025-11-05 15:37:43.302336+00', ''),
	('00000000-0000-0000-0000-000000000000', 'cdf5de38-1f2c-4d38-8308-7423e684dc47', '{"action":"login","actor_id":"0343fca9-5ab1-4348-be5b-7b7f79a064df","actor_username":"castro.oceane@laposte.net","actor_via_sso":false,"log_type":"account","traits":{"provider":"email"}}', '2025-11-05 15:38:35.706613+00', ''),
	('00000000-0000-0000-0000-000000000000', 'f2908e57-8418-4d07-953a-8341bbfeb585', '{"action":"logout","actor_id":"0343fca9-5ab1-4348-be5b-7b7f79a064df","actor_username":"castro.oceane@laposte.net","actor_via_sso":false,"log_type":"account"}', '2025-11-05 15:44:12.466861+00', ''),
	('00000000-0000-0000-0000-000000000000', '46c1160a-062a-4b10-91ef-212d982e9bdf', '{"action":"login","actor_id":"0343fca9-5ab1-4348-be5b-7b7f79a064df","actor_username":"castro.oceane@laposte.net","actor_via_sso":false,"log_type":"account","traits":{"provider":"email"}}', '2025-11-05 16:16:28.921295+00', ''),
	('00000000-0000-0000-0000-000000000000', '5b7cf8e7-c803-42f5-9644-3a404739157e', '{"action":"login","actor_id":"0343fca9-5ab1-4348-be5b-7b7f79a064df","actor_username":"castro.oceane@laposte.net","actor_via_sso":false,"log_type":"account","traits":{"provider":"email"}}', '2025-11-05 16:19:54.31549+00', ''),
	('00000000-0000-0000-0000-000000000000', 'f3c05691-399a-4848-839b-216f9b70ad0b', '{"action":"logout","actor_id":"0343fca9-5ab1-4348-be5b-7b7f79a064df","actor_username":"castro.oceane@laposte.net","actor_via_sso":false,"log_type":"account"}', '2025-11-05 16:20:19.202756+00', ''),
	('00000000-0000-0000-0000-000000000000', '9e013c3e-cb37-42b9-b188-7b1103e9dc07', '{"action":"login","actor_id":"0343fca9-5ab1-4348-be5b-7b7f79a064df","actor_username":"castro.oceane@laposte.net","actor_via_sso":false,"log_type":"account","traits":{"provider":"email"}}', '2025-11-05 16:20:27.297776+00', ''),
	('00000000-0000-0000-0000-000000000000', '2e8baecf-67f2-432b-830f-d121959634d4', '{"action":"logout","actor_id":"0343fca9-5ab1-4348-be5b-7b7f79a064df","actor_username":"castro.oceane@laposte.net","actor_via_sso":false,"log_type":"account"}', '2025-11-05 16:23:00.628481+00', ''),
	('00000000-0000-0000-0000-000000000000', 'c16b29a9-8393-4929-9733-25a392f28643', '{"action":"login","actor_id":"0343fca9-5ab1-4348-be5b-7b7f79a064df","actor_username":"castro.oceane@laposte.net","actor_via_sso":false,"log_type":"account","traits":{"provider":"email"}}', '2025-11-05 16:23:14.460339+00', ''),
	('00000000-0000-0000-0000-000000000000', 'b01956d8-1f97-4b2e-aa6c-367678ffd8f9', '{"action":"logout","actor_id":"0343fca9-5ab1-4348-be5b-7b7f79a064df","actor_username":"castro.oceane@laposte.net","actor_via_sso":false,"log_type":"account"}', '2025-11-05 16:28:03.676177+00', ''),
	('00000000-0000-0000-0000-000000000000', '1930bbe4-ff01-427e-aa8c-446ccd6d54bd', '{"action":"login","actor_id":"0343fca9-5ab1-4348-be5b-7b7f79a064df","actor_username":"castro.oceane@laposte.net","actor_via_sso":false,"log_type":"account","traits":{"provider":"email"}}', '2025-11-05 16:28:13.927728+00', ''),
	('00000000-0000-0000-0000-000000000000', '61f53774-3fff-4d9b-8559-79c5b4fed815', '{"action":"logout","actor_id":"0343fca9-5ab1-4348-be5b-7b7f79a064df","actor_username":"castro.oceane@laposte.net","actor_via_sso":false,"log_type":"account"}', '2025-11-05 16:30:07.057232+00', ''),
	('00000000-0000-0000-0000-000000000000', 'd7f47e16-28d9-4c5e-a295-b829a8bcfb0a', '{"action":"login","actor_id":"0343fca9-5ab1-4348-be5b-7b7f79a064df","actor_username":"castro.oceane@laposte.net","actor_via_sso":false,"log_type":"account","traits":{"provider":"email"}}', '2025-11-05 16:30:22.459456+00', ''),
	('00000000-0000-0000-0000-000000000000', '3ef8ea64-4aff-41b2-af09-032585026053', '{"action":"logout","actor_id":"0343fca9-5ab1-4348-be5b-7b7f79a064df","actor_username":"castro.oceane@laposte.net","actor_via_sso":false,"log_type":"account"}', '2025-11-05 16:33:00.530038+00', ''),
	('00000000-0000-0000-0000-000000000000', '6191c02b-3d9a-480f-a254-87bddc016bf7', '{"action":"login","actor_id":"0343fca9-5ab1-4348-be5b-7b7f79a064df","actor_username":"castro.oceane@laposte.net","actor_via_sso":false,"log_type":"account","traits":{"provider":"email"}}', '2025-11-05 16:39:58.331445+00', ''),
	('00000000-0000-0000-0000-000000000000', 'b77538f0-1a3a-45d8-8fd8-3f6dfe855043', '{"action":"logout","actor_id":"0343fca9-5ab1-4348-be5b-7b7f79a064df","actor_username":"castro.oceane@laposte.net","actor_via_sso":false,"log_type":"account"}', '2025-11-05 16:43:20.62093+00', ''),
	('00000000-0000-0000-0000-000000000000', 'd624bd6d-658f-4277-9f15-73fe586f6be5', '{"action":"login","actor_id":"0343fca9-5ab1-4348-be5b-7b7f79a064df","actor_username":"castro.oceane@laposte.net","actor_via_sso":false,"log_type":"account","traits":{"provider":"email"}}', '2025-11-05 16:43:35.452755+00', ''),
	('00000000-0000-0000-0000-000000000000', 'b1bd0352-b569-428a-989a-7d940748fe06', '{"action":"logout","actor_id":"0343fca9-5ab1-4348-be5b-7b7f79a064df","actor_username":"castro.oceane@laposte.net","actor_via_sso":false,"log_type":"account"}', '2025-11-05 16:46:27.747164+00', ''),
	('00000000-0000-0000-0000-000000000000', '5f00ccb5-95bc-4af0-b121-fec90660334c', '{"action":"login","actor_id":"0343fca9-5ab1-4348-be5b-7b7f79a064df","actor_username":"castro.oceane@laposte.net","actor_via_sso":false,"log_type":"account","traits":{"provider":"email"}}', '2025-11-05 16:47:16.118364+00', ''),
	('00000000-0000-0000-0000-000000000000', '025b0cee-3403-429d-ae97-51137c93c3ad', '{"action":"logout","actor_id":"0343fca9-5ab1-4348-be5b-7b7f79a064df","actor_username":"castro.oceane@laposte.net","actor_via_sso":false,"log_type":"account"}', '2025-11-05 16:53:29.886208+00', ''),
	('00000000-0000-0000-0000-000000000000', '6cd7aefb-c5e4-42f0-b78f-6f17090a8228', '{"action":"login","actor_id":"0343fca9-5ab1-4348-be5b-7b7f79a064df","actor_username":"castro.oceane@laposte.net","actor_via_sso":false,"log_type":"account","traits":{"provider":"email"}}', '2025-11-05 16:53:49.075442+00', ''),
	('00000000-0000-0000-0000-000000000000', '12bdd07a-9e20-4b8e-a602-95fd0be84092', '{"action":"logout","actor_id":"0343fca9-5ab1-4348-be5b-7b7f79a064df","actor_username":"castro.oceane@laposte.net","actor_via_sso":false,"log_type":"account"}', '2025-11-05 16:56:41.076329+00', ''),
	('00000000-0000-0000-0000-000000000000', '8603590f-c32e-447c-9919-e5b2e6ab19c8', '{"action":"login","actor_id":"0343fca9-5ab1-4348-be5b-7b7f79a064df","actor_username":"castro.oceane@laposte.net","actor_via_sso":false,"log_type":"account","traits":{"provider":"email"}}', '2025-11-05 16:58:09.201358+00', ''),
	('00000000-0000-0000-0000-000000000000', 'eeb586da-57cf-4adc-ba88-236518218e44', '{"action":"logout","actor_id":"0343fca9-5ab1-4348-be5b-7b7f79a064df","actor_username":"castro.oceane@laposte.net","actor_via_sso":false,"log_type":"account"}', '2025-11-05 17:01:20.538061+00', ''),
	('00000000-0000-0000-0000-000000000000', 'bc8fd906-f16f-4bd3-af0a-1b07e6810064', '{"action":"login","actor_id":"0343fca9-5ab1-4348-be5b-7b7f79a064df","actor_username":"castro.oceane@laposte.net","actor_via_sso":false,"log_type":"account","traits":{"provider":"email"}}', '2025-11-05 17:31:11.039103+00', ''),
	('00000000-0000-0000-0000-000000000000', '385814bd-9969-4936-8b6f-ef41c5275138', '{"action":"login","actor_id":"0343fca9-5ab1-4348-be5b-7b7f79a064df","actor_username":"castro.oceane@laposte.net","actor_via_sso":false,"log_type":"account","traits":{"provider":"email"}}', '2025-11-05 19:08:33.202247+00', ''),
	('00000000-0000-0000-0000-000000000000', '4ec87c49-502a-409f-937e-3a3bed3837dc', '{"action":"token_refreshed","actor_id":"0343fca9-5ab1-4348-be5b-7b7f79a064df","actor_username":"castro.oceane@laposte.net","actor_via_sso":false,"log_type":"token"}', '2025-11-05 19:12:54.787875+00', ''),
	('00000000-0000-0000-0000-000000000000', '1956d46c-ab2e-4e23-b37c-2a623b72ce7d', '{"action":"token_revoked","actor_id":"0343fca9-5ab1-4348-be5b-7b7f79a064df","actor_username":"castro.oceane@laposte.net","actor_via_sso":false,"log_type":"token"}', '2025-11-05 19:12:54.78944+00', ''),
	('00000000-0000-0000-0000-000000000000', '623b2847-86d8-4485-936c-163d73655250', '{"action":"logout","actor_id":"0343fca9-5ab1-4348-be5b-7b7f79a064df","actor_username":"castro.oceane@laposte.net","actor_via_sso":false,"log_type":"account"}', '2025-11-05 19:13:06.424932+00', ''),
	('00000000-0000-0000-0000-000000000000', '32a98fe0-d609-4246-befc-a590dd1b8c54', '{"action":"login","actor_id":"0343fca9-5ab1-4348-be5b-7b7f79a064df","actor_username":"castro.oceane@laposte.net","actor_via_sso":false,"log_type":"account","traits":{"provider":"email"}}', '2025-11-05 20:39:20.939917+00', ''),
	('00000000-0000-0000-0000-000000000000', '1b782c8d-47e9-44e9-a840-4098a683cf58', '{"action":"login","actor_id":"0343fca9-5ab1-4348-be5b-7b7f79a064df","actor_username":"castro.oceane@laposte.net","actor_via_sso":false,"log_type":"account","traits":{"provider":"email"}}', '2025-11-05 20:41:38.999943+00', ''),
	('00000000-0000-0000-0000-000000000000', 'f6129f12-c23b-4c7b-9fd9-42981ed406bf', '{"action":"logout","actor_id":"0343fca9-5ab1-4348-be5b-7b7f79a064df","actor_username":"castro.oceane@laposte.net","actor_via_sso":false,"log_type":"account"}', '2025-11-05 20:42:01.655255+00', ''),
	('00000000-0000-0000-0000-000000000000', '17f998b1-6cf6-42ce-b632-66f705c711c7', '{"action":"login","actor_id":"0343fca9-5ab1-4348-be5b-7b7f79a064df","actor_username":"castro.oceane@laposte.net","actor_via_sso":false,"log_type":"account","traits":{"provider":"email"}}', '2025-11-06 00:59:48.751209+00', ''),
	('00000000-0000-0000-0000-000000000000', 'f314beb3-1c01-45af-bbcd-aeee9f9e64b9', '{"action":"logout","actor_id":"0343fca9-5ab1-4348-be5b-7b7f79a064df","actor_username":"castro.oceane@laposte.net","actor_via_sso":false,"log_type":"account"}', '2025-11-06 01:00:03.092795+00', ''),
	('00000000-0000-0000-0000-000000000000', '34410a17-2915-4e04-b70b-4da15f02daf6', '{"action":"login","actor_id":"0343fca9-5ab1-4348-be5b-7b7f79a064df","actor_username":"castro.oceane@laposte.net","actor_via_sso":false,"log_type":"account","traits":{"provider":"email"}}', '2025-11-06 01:00:11.536558+00', ''),
	('00000000-0000-0000-0000-000000000000', '22272bd2-e2a9-496a-be98-be9cc377c494', '{"action":"logout","actor_id":"0343fca9-5ab1-4348-be5b-7b7f79a064df","actor_username":"castro.oceane@laposte.net","actor_via_sso":false,"log_type":"account"}', '2025-11-06 01:00:27.4443+00', ''),
	('00000000-0000-0000-0000-000000000000', '7a128b1d-fcfb-4a45-9297-e0138b7970b4', '{"action":"login","actor_id":"0343fca9-5ab1-4348-be5b-7b7f79a064df","actor_username":"castro.oceane@laposte.net","actor_via_sso":false,"log_type":"account","traits":{"provider":"email"}}', '2025-11-06 01:00:34.528045+00', ''),
	('00000000-0000-0000-0000-000000000000', 'd4ae26ef-af47-4058-811b-65568cd730b7', '{"action":"logout","actor_id":"0343fca9-5ab1-4348-be5b-7b7f79a064df","actor_username":"castro.oceane@laposte.net","actor_via_sso":false,"log_type":"account"}', '2025-11-06 01:00:51.246469+00', ''),
	('00000000-0000-0000-0000-000000000000', '387bc524-e2ef-4788-ad31-066bc71cd848', '{"action":"login","actor_id":"0343fca9-5ab1-4348-be5b-7b7f79a064df","actor_username":"castro.oceane@laposte.net","actor_via_sso":false,"log_type":"account","traits":{"provider":"email"}}', '2025-11-06 01:01:11.266932+00', ''),
	('00000000-0000-0000-0000-000000000000', 'c3a0b106-f414-414b-886d-1369af7b8f06', '{"action":"token_refreshed","actor_id":"0343fca9-5ab1-4348-be5b-7b7f79a064df","actor_username":"castro.oceane@laposte.net","actor_via_sso":false,"log_type":"token"}', '2025-11-06 02:00:24.829231+00', ''),
	('00000000-0000-0000-0000-000000000000', 'de032d3c-21d5-4821-9ad2-af8af291c950', '{"action":"token_revoked","actor_id":"0343fca9-5ab1-4348-be5b-7b7f79a064df","actor_username":"castro.oceane@laposte.net","actor_via_sso":false,"log_type":"token"}', '2025-11-06 02:00:24.830989+00', ''),
	('00000000-0000-0000-0000-000000000000', 'baeac81d-c741-463e-bdfc-5d70a00e2a34', '{"action":"token_refreshed","actor_id":"0343fca9-5ab1-4348-be5b-7b7f79a064df","actor_username":"castro.oceane@laposte.net","actor_via_sso":false,"log_type":"token"}', '2025-11-06 11:02:29.920472+00', ''),
	('00000000-0000-0000-0000-000000000000', 'a722b537-ae40-4b3c-b9ff-35ba84c6ca0e', '{"action":"token_revoked","actor_id":"0343fca9-5ab1-4348-be5b-7b7f79a064df","actor_username":"castro.oceane@laposte.net","actor_via_sso":false,"log_type":"token"}', '2025-11-06 11:02:29.921587+00', ''),
	('00000000-0000-0000-0000-000000000000', '2edcc22b-a8ac-4f1b-9c7d-93104b791c16', '{"action":"token_refreshed","actor_id":"0343fca9-5ab1-4348-be5b-7b7f79a064df","actor_username":"castro.oceane@laposte.net","actor_via_sso":false,"log_type":"token"}', '2025-11-06 12:01:24.895107+00', ''),
	('00000000-0000-0000-0000-000000000000', '571fa057-c284-4b73-a904-25e121088f05', '{"action":"token_revoked","actor_id":"0343fca9-5ab1-4348-be5b-7b7f79a064df","actor_username":"castro.oceane@laposte.net","actor_via_sso":false,"log_type":"token"}', '2025-11-06 12:01:24.896569+00', ''),
	('00000000-0000-0000-0000-000000000000', '7b84e962-589e-4397-a05b-41841f3820c2', '{"action":"token_refreshed","actor_id":"0343fca9-5ab1-4348-be5b-7b7f79a064df","actor_username":"castro.oceane@laposte.net","actor_via_sso":false,"log_type":"token"}', '2025-11-06 13:00:25.031575+00', ''),
	('00000000-0000-0000-0000-000000000000', '1c74d6a0-9cc2-4fad-9651-a6c53d083539', '{"action":"token_revoked","actor_id":"0343fca9-5ab1-4348-be5b-7b7f79a064df","actor_username":"castro.oceane@laposte.net","actor_via_sso":false,"log_type":"token"}', '2025-11-06 13:00:25.034313+00', ''),
	('00000000-0000-0000-0000-000000000000', 'a8078743-45bb-4765-8cc2-1e600f54dc63', '{"action":"token_refreshed","actor_id":"0343fca9-5ab1-4348-be5b-7b7f79a064df","actor_username":"castro.oceane@laposte.net","actor_via_sso":false,"log_type":"token"}', '2025-11-06 13:59:25.049878+00', ''),
	('00000000-0000-0000-0000-000000000000', '01c0fc63-4260-45ff-8ead-9266c27d740a', '{"action":"token_revoked","actor_id":"0343fca9-5ab1-4348-be5b-7b7f79a064df","actor_username":"castro.oceane@laposte.net","actor_via_sso":false,"log_type":"token"}', '2025-11-06 13:59:25.052079+00', ''),
	('00000000-0000-0000-0000-000000000000', 'b4ffa670-5e74-424a-973b-8dd2134d5930', '{"action":"token_refreshed","actor_id":"0343fca9-5ab1-4348-be5b-7b7f79a064df","actor_username":"castro.oceane@laposte.net","actor_via_sso":false,"log_type":"token"}', '2025-11-07 00:20:46.858991+00', ''),
	('00000000-0000-0000-0000-000000000000', '726a713b-fcd0-4c0b-8f64-61fc50a2076d', '{"action":"token_revoked","actor_id":"0343fca9-5ab1-4348-be5b-7b7f79a064df","actor_username":"castro.oceane@laposte.net","actor_via_sso":false,"log_type":"token"}', '2025-11-07 00:20:46.861116+00', ''),
	('00000000-0000-0000-0000-000000000000', '960aa5b3-c751-4a11-a53f-0b32f1e48d05', '{"action":"logout","actor_id":"0343fca9-5ab1-4348-be5b-7b7f79a064df","actor_username":"castro.oceane@laposte.net","actor_via_sso":false,"log_type":"account"}', '2025-11-07 00:20:48.551373+00', ''),
	('00000000-0000-0000-0000-000000000000', '043c48c0-10e1-485e-b9fa-f7fdf37b9831', '{"action":"login","actor_id":"0343fca9-5ab1-4348-be5b-7b7f79a064df","actor_username":"castro.oceane@laposte.net","actor_via_sso":false,"log_type":"account","traits":{"provider":"email"}}', '2025-11-07 01:38:55.135005+00', ''),
	('00000000-0000-0000-0000-000000000000', '34dce575-4810-44ea-940b-d02fb784c945', '{"action":"login","actor_id":"0343fca9-5ab1-4348-be5b-7b7f79a064df","actor_username":"castro.oceane@laposte.net","actor_via_sso":false,"log_type":"account","traits":{"provider":"email"}}', '2025-11-07 02:05:46.940569+00', ''),
	('00000000-0000-0000-0000-000000000000', 'a2737c68-5e70-4f42-a1e0-730c3a986572', '{"action":"login","actor_id":"0343fca9-5ab1-4348-be5b-7b7f79a064df","actor_username":"castro.oceane@laposte.net","actor_via_sso":false,"log_type":"account","traits":{"provider":"email"}}', '2025-11-07 02:07:52.79185+00', ''),
	('00000000-0000-0000-0000-000000000000', '439c5466-3389-47bf-b1b7-3f2ffd6b42d4', '{"action":"login","actor_id":"0343fca9-5ab1-4348-be5b-7b7f79a064df","actor_username":"castro.oceane@laposte.net","actor_via_sso":false,"log_type":"account","traits":{"provider":"email"}}', '2025-11-07 02:55:40.199312+00', ''),
	('00000000-0000-0000-0000-000000000000', 'e5cbe627-06a6-43ec-88e1-15f406743e0d', '{"action":"login","actor_id":"0343fca9-5ab1-4348-be5b-7b7f79a064df","actor_username":"castro.oceane@laposte.net","actor_via_sso":false,"log_type":"account","traits":{"provider":"email"}}', '2025-11-07 03:10:38.704607+00', ''),
	('00000000-0000-0000-0000-000000000000', 'e254de3a-3720-4ae8-958a-63cd96d3af1b', '{"action":"login","actor_id":"0343fca9-5ab1-4348-be5b-7b7f79a064df","actor_username":"castro.oceane@laposte.net","actor_via_sso":false,"log_type":"account","traits":{"provider":"email"}}', '2025-11-07 03:13:25.775683+00', ''),
	('00000000-0000-0000-0000-000000000000', '4876dfe2-7bb0-45c3-922d-01f513dc394d', '{"action":"login","actor_id":"0343fca9-5ab1-4348-be5b-7b7f79a064df","actor_username":"castro.oceane@laposte.net","actor_via_sso":false,"log_type":"account","traits":{"provider":"email"}}', '2025-11-07 03:28:15.17064+00', ''),
	('00000000-0000-0000-0000-000000000000', '5a00765d-a67f-45af-9298-a2c044d1d559', '{"action":"login","actor_id":"0343fca9-5ab1-4348-be5b-7b7f79a064df","actor_username":"castro.oceane@laposte.net","actor_via_sso":false,"log_type":"account","traits":{"provider":"email"}}', '2025-11-07 03:44:34.097782+00', ''),
	('00000000-0000-0000-0000-000000000000', '93968902-8c0f-4c3d-a24e-3496aeec52bc', '{"action":"login","actor_id":"0343fca9-5ab1-4348-be5b-7b7f79a064df","actor_username":"castro.oceane@laposte.net","actor_via_sso":false,"log_type":"account","traits":{"provider":"email"}}', '2025-11-07 03:44:41.410776+00', ''),
	('00000000-0000-0000-0000-000000000000', '59891f48-62a3-462f-b723-00e1c0009a0a', '{"action":"login","actor_id":"0343fca9-5ab1-4348-be5b-7b7f79a064df","actor_username":"castro.oceane@laposte.net","actor_via_sso":false,"log_type":"account","traits":{"provider":"email"}}', '2025-11-07 03:46:31.648845+00', '');


--
-- Data for Name: flow_state; Type: TABLE DATA; Schema: auth; Owner: supabase_auth_admin
--



--
-- Data for Name: users; Type: TABLE DATA; Schema: auth; Owner: supabase_auth_admin
--

INSERT INTO "auth"."users" ("instance_id", "id", "aud", "role", "email", "encrypted_password", "email_confirmed_at", "invited_at", "confirmation_token", "confirmation_sent_at", "recovery_token", "recovery_sent_at", "email_change_token_new", "email_change", "email_change_sent_at", "last_sign_in_at", "raw_app_meta_data", "raw_user_meta_data", "is_super_admin", "created_at", "updated_at", "phone", "phone_confirmed_at", "phone_change", "phone_change_token", "phone_change_sent_at", "email_change_token_current", "email_change_confirm_status", "banned_until", "reauthentication_token", "reauthentication_sent_at", "is_sso_user", "deleted_at", "is_anonymous") VALUES
	('00000000-0000-0000-0000-000000000000', '0343fca9-5ab1-4348-be5b-7b7f79a064df', 'authenticated', 'authenticated', 'castro.oceane@laposte.net', '$2a$10$EHGnEGWE7/.wpZQnnmZRuu/YzZde6oTHMVmrme53EVxoWJ3lS466.', '2025-10-22 00:40:02.278427+00', NULL, '', NULL, '788877a8cd2d6ac8edf833e4f1aaac356efd37059d334fce1d4612c6', '2025-10-23 22:41:12.308195+00', '', '', NULL, '2025-11-07 03:46:31.649945+00', '{"provider": "email", "providers": ["email"]}', '{"role": "admin", "email_verified": true}', NULL, '2025-10-22 00:40:02.268616+00', '2025-11-07 03:46:31.653145+00', NULL, NULL, '', '', NULL, '', 0, NULL, '', NULL, false, NULL, false);


--
-- Data for Name: identities; Type: TABLE DATA; Schema: auth; Owner: supabase_auth_admin
--

INSERT INTO "auth"."identities" ("provider_id", "user_id", "identity_data", "provider", "last_sign_in_at", "created_at", "updated_at", "id") VALUES
	('0343fca9-5ab1-4348-be5b-7b7f79a064df', '0343fca9-5ab1-4348-be5b-7b7f79a064df', '{"sub": "0343fca9-5ab1-4348-be5b-7b7f79a064df", "email": "castro.oceane@laposte.net", "email_verified": false, "phone_verified": false}', 'email', '2025-10-22 00:40:02.27353+00', '2025-10-22 00:40:02.273593+00', '2025-10-22 00:40:02.273593+00', 'c83bb209-71d4-46ff-b45a-a30063350cf5');


--
-- Data for Name: instances; Type: TABLE DATA; Schema: auth; Owner: supabase_auth_admin
--



--
-- Data for Name: oauth_clients; Type: TABLE DATA; Schema: auth; Owner: supabase_auth_admin
--



--
-- Data for Name: sessions; Type: TABLE DATA; Schema: auth; Owner: supabase_auth_admin
--

INSERT INTO "auth"."sessions" ("id", "user_id", "created_at", "updated_at", "factor_id", "aal", "not_after", "refreshed_at", "user_agent", "ip", "tag", "oauth_client_id", "refresh_token_hmac_key", "refresh_token_counter") VALUES
	('93025c95-d446-4849-9719-36b43dab5637', '0343fca9-5ab1-4348-be5b-7b7f79a064df', '2025-11-07 03:44:41.411613+00', '2025-11-07 03:44:41.411613+00', NULL, 'aal1', NULL, NULL, 'Mozilla/5.0 (Linux; Android 6.0; Nexus 5 Build/MRA58N) AppleWebKit/537.36 (KHTML, like Gecko) Chrome/141.0.0.0 Mobile Safari/537.36', '88.121.122.17', NULL, NULL, NULL, NULL),
	('9a844b8e-d269-4965-b05e-73a035c44cde', '0343fca9-5ab1-4348-be5b-7b7f79a064df', '2025-11-07 03:46:31.65004+00', '2025-11-07 03:46:31.65004+00', NULL, 'aal1', NULL, NULL, 'Mozilla/5.0 (Linux; Android 6.0; Nexus 5 Build/MRA58N) AppleWebKit/537.36 (KHTML, like Gecko) Chrome/141.0.0.0 Mobile Safari/537.36', '88.121.122.17', NULL, NULL, NULL, NULL),
	('b4b399af-ca54-46cc-955f-7b48a4fe6757', '0343fca9-5ab1-4348-be5b-7b7f79a064df', '2025-11-07 01:38:55.138687+00', '2025-11-07 01:38:55.138687+00', NULL, 'aal1', NULL, NULL, 'Mozilla/5.0 (Windows NT 10.0; Win64; x64) AppleWebKit/537.36 (KHTML, like Gecko) Chrome/141.0.0.0 Safari/537.36', '88.121.122.17', NULL, NULL, NULL, NULL),
	('d8021441-0534-4f11-99cb-1ea793a35307', '0343fca9-5ab1-4348-be5b-7b7f79a064df', '2025-11-07 02:05:46.945166+00', '2025-11-07 02:05:46.945166+00', NULL, 'aal1', NULL, NULL, 'Mozilla/5.0 (Windows NT 10.0; Win64; x64) AppleWebKit/537.36 (KHTML, like Gecko) Chrome/141.0.0.0 Safari/537.36', '88.121.122.17', NULL, NULL, NULL, NULL),
	('7a520352-3eef-46b0-b46a-9a2fa6ac6fb0', '0343fca9-5ab1-4348-be5b-7b7f79a064df', '2025-11-07 02:07:52.793275+00', '2025-11-07 02:07:52.793275+00', NULL, 'aal1', NULL, NULL, 'Mozilla/5.0 (Windows NT 10.0; Win64; x64) AppleWebKit/537.36 (KHTML, like Gecko) Chrome/141.0.0.0 Safari/537.36', '88.121.122.17', NULL, NULL, NULL, NULL),
	('2a486838-7446-44de-9fb5-66f979089d4f', '0343fca9-5ab1-4348-be5b-7b7f79a064df', '2025-11-07 02:55:40.201153+00', '2025-11-07 02:55:40.201153+00', NULL, 'aal1', NULL, NULL, 'Mozilla/5.0 (Windows NT 10.0; Win64; x64) AppleWebKit/537.36 (KHTML, like Gecko) Chrome/141.0.0.0 Safari/537.36', '88.121.122.17', NULL, NULL, NULL, NULL),
	('ca131569-21c8-49f7-95e0-f2469d9942a9', '0343fca9-5ab1-4348-be5b-7b7f79a064df', '2025-11-07 03:10:38.706869+00', '2025-11-07 03:10:38.706869+00', NULL, 'aal1', NULL, NULL, 'Mozilla/5.0 (Linux; Android 6.0; Nexus 5 Build/MRA58N) AppleWebKit/537.36 (KHTML, like Gecko) Chrome/141.0.0.0 Mobile Safari/537.36', '88.121.122.17', NULL, NULL, NULL, NULL),
	('e8ebc276-3148-44ff-8d24-6416c2547841', '0343fca9-5ab1-4348-be5b-7b7f79a064df', '2025-11-07 03:13:25.777302+00', '2025-11-07 03:13:25.777302+00', NULL, 'aal1', NULL, NULL, 'Mozilla/5.0 (Linux; Android 6.0; Nexus 5 Build/MRA58N) AppleWebKit/537.36 (KHTML, like Gecko) Chrome/141.0.0.0 Mobile Safari/537.36', '88.121.122.17', NULL, NULL, NULL, NULL),
	('0242fc36-2083-426a-a422-6f86d14d8841', '0343fca9-5ab1-4348-be5b-7b7f79a064df', '2025-11-07 03:28:15.173247+00', '2025-11-07 03:28:15.173247+00', NULL, 'aal1', NULL, NULL, 'Mozilla/5.0 (Linux; Android 6.0; Nexus 5 Build/MRA58N) AppleWebKit/537.36 (KHTML, like Gecko) Chrome/141.0.0.0 Mobile Safari/537.36', '88.121.122.17', NULL, NULL, NULL, NULL),
	('b96f1f3f-ec82-4715-9675-20c17502899f', '0343fca9-5ab1-4348-be5b-7b7f79a064df', '2025-11-07 03:44:34.100117+00', '2025-11-07 03:44:34.100117+00', NULL, 'aal1', NULL, NULL, 'Mozilla/5.0 (Linux; Android 6.0; Nexus 5 Build/MRA58N) AppleWebKit/537.36 (KHTML, like Gecko) Chrome/141.0.0.0 Mobile Safari/537.36', '88.121.122.17', NULL, NULL, NULL, NULL);


--
-- Data for Name: mfa_amr_claims; Type: TABLE DATA; Schema: auth; Owner: supabase_auth_admin
--

INSERT INTO "auth"."mfa_amr_claims" ("session_id", "created_at", "updated_at", "authentication_method", "id") VALUES
	('b4b399af-ca54-46cc-955f-7b48a4fe6757', '2025-11-07 01:38:55.145178+00', '2025-11-07 01:38:55.145178+00', 'password', 'e7dd7949-7b8c-4f8a-9cfb-2930d413a7ce'),
	('d8021441-0534-4f11-99cb-1ea793a35307', '2025-11-07 02:05:46.949548+00', '2025-11-07 02:05:46.949548+00', 'password', '1a29997c-58b5-48cc-a7bb-728b8e3e89e7'),
	('7a520352-3eef-46b0-b46a-9a2fa6ac6fb0', '2025-11-07 02:07:52.797169+00', '2025-11-07 02:07:52.797169+00', 'password', '56427452-fc89-40f7-b7fa-7af6e53c6f70'),
	('2a486838-7446-44de-9fb5-66f979089d4f', '2025-11-07 02:55:40.206938+00', '2025-11-07 02:55:40.206938+00', 'password', 'c69370f1-0866-4e33-bd1f-f8d8afce1ba7'),
	('ca131569-21c8-49f7-95e0-f2469d9942a9', '2025-11-07 03:10:38.711818+00', '2025-11-07 03:10:38.711818+00', 'password', 'b740eafd-295a-4561-b91e-b017912e1b91'),
	('e8ebc276-3148-44ff-8d24-6416c2547841', '2025-11-07 03:13:25.780617+00', '2025-11-07 03:13:25.780617+00', 'password', 'c3b83958-5a2a-4f42-9622-bdc3cbae747c'),
	('0242fc36-2083-426a-a422-6f86d14d8841', '2025-11-07 03:28:15.178051+00', '2025-11-07 03:28:15.178051+00', 'password', '51be7f9a-aee1-4842-83a5-6fc735b74c4b'),
	('b96f1f3f-ec82-4715-9675-20c17502899f', '2025-11-07 03:44:34.106105+00', '2025-11-07 03:44:34.106105+00', 'password', '6d940d87-2089-4d46-834a-a55a67c02b00'),
	('93025c95-d446-4849-9719-36b43dab5637', '2025-11-07 03:44:41.413862+00', '2025-11-07 03:44:41.413862+00', 'password', '5fc6732c-9a12-4b35-834f-78cdf4a54ad5'),
	('9a844b8e-d269-4965-b05e-73a035c44cde', '2025-11-07 03:46:31.653827+00', '2025-11-07 03:46:31.653827+00', 'password', '1dd4a0dc-17bc-438a-aeed-2e0eabce5699');


--
-- Data for Name: mfa_factors; Type: TABLE DATA; Schema: auth; Owner: supabase_auth_admin
--



--
-- Data for Name: mfa_challenges; Type: TABLE DATA; Schema: auth; Owner: supabase_auth_admin
--



--
-- Data for Name: oauth_authorizations; Type: TABLE DATA; Schema: auth; Owner: supabase_auth_admin
--



--
-- Data for Name: oauth_consents; Type: TABLE DATA; Schema: auth; Owner: supabase_auth_admin
--



--
-- Data for Name: one_time_tokens; Type: TABLE DATA; Schema: auth; Owner: supabase_auth_admin
--

INSERT INTO "auth"."one_time_tokens" ("id", "user_id", "token_type", "token_hash", "relates_to", "created_at", "updated_at") VALUES
	('d92f7f08-e577-41a6-adda-912983074375', '0343fca9-5ab1-4348-be5b-7b7f79a064df', 'recovery_token', '788877a8cd2d6ac8edf833e4f1aaac356efd37059d334fce1d4612c6', 'castro.oceane@laposte.net', '2025-10-23 22:41:13.213412', '2025-10-23 22:41:13.213412');


--
-- Data for Name: refresh_tokens; Type: TABLE DATA; Schema: auth; Owner: supabase_auth_admin
--

INSERT INTO "auth"."refresh_tokens" ("instance_id", "id", "token", "user_id", "revoked", "created_at", "updated_at", "parent", "session_id") VALUES
	('00000000-0000-0000-0000-000000000000', 309, 'bxz2ljq6mkoy', '0343fca9-5ab1-4348-be5b-7b7f79a064df', false, '2025-11-07 01:38:55.141234+00', '2025-11-07 01:38:55.141234+00', NULL, 'b4b399af-ca54-46cc-955f-7b48a4fe6757'),
	('00000000-0000-0000-0000-000000000000', 310, 'rfgs7fhdqher', '0343fca9-5ab1-4348-be5b-7b7f79a064df', false, '2025-11-07 02:05:46.946683+00', '2025-11-07 02:05:46.946683+00', NULL, 'd8021441-0534-4f11-99cb-1ea793a35307'),
	('00000000-0000-0000-0000-000000000000', 311, 'cofnvb5tp73l', '0343fca9-5ab1-4348-be5b-7b7f79a064df', false, '2025-11-07 02:07:52.794744+00', '2025-11-07 02:07:52.794744+00', NULL, '7a520352-3eef-46b0-b46a-9a2fa6ac6fb0'),
	('00000000-0000-0000-0000-000000000000', 312, 'p3xl3a4ugl6r', '0343fca9-5ab1-4348-be5b-7b7f79a064df', false, '2025-11-07 02:55:40.204101+00', '2025-11-07 02:55:40.204101+00', NULL, '2a486838-7446-44de-9fb5-66f979089d4f'),
	('00000000-0000-0000-0000-000000000000', 313, 'ruy5oniws3go', '0343fca9-5ab1-4348-be5b-7b7f79a064df', false, '2025-11-07 03:10:38.709541+00', '2025-11-07 03:10:38.709541+00', NULL, 'ca131569-21c8-49f7-95e0-f2469d9942a9'),
	('00000000-0000-0000-0000-000000000000', 314, '7qoybkwkswyn', '0343fca9-5ab1-4348-be5b-7b7f79a064df', false, '2025-11-07 03:13:25.778593+00', '2025-11-07 03:13:25.778593+00', NULL, 'e8ebc276-3148-44ff-8d24-6416c2547841'),
	('00000000-0000-0000-0000-000000000000', 315, '4tpxtddgyp66', '0343fca9-5ab1-4348-be5b-7b7f79a064df', false, '2025-11-07 03:28:15.174885+00', '2025-11-07 03:28:15.174885+00', NULL, '0242fc36-2083-426a-a422-6f86d14d8841'),
	('00000000-0000-0000-0000-000000000000', 316, 'fx3efo734cg2', '0343fca9-5ab1-4348-be5b-7b7f79a064df', false, '2025-11-07 03:44:34.102708+00', '2025-11-07 03:44:34.102708+00', NULL, 'b96f1f3f-ec82-4715-9675-20c17502899f'),
	('00000000-0000-0000-0000-000000000000', 317, 'sgnt6nlbwkoh', '0343fca9-5ab1-4348-be5b-7b7f79a064df', false, '2025-11-07 03:44:41.412548+00', '2025-11-07 03:44:41.412548+00', NULL, '93025c95-d446-4849-9719-36b43dab5637'),
	('00000000-0000-0000-0000-000000000000', 318, 'ftl4dxu4vbhc', '0343fca9-5ab1-4348-be5b-7b7f79a064df', false, '2025-11-07 03:46:31.651498+00', '2025-11-07 03:46:31.651498+00', NULL, '9a844b8e-d269-4965-b05e-73a035c44cde');


--
-- Data for Name: sso_providers; Type: TABLE DATA; Schema: auth; Owner: supabase_auth_admin
--



--
-- Data for Name: saml_providers; Type: TABLE DATA; Schema: auth; Owner: supabase_auth_admin
--



--
-- Data for Name: saml_relay_states; Type: TABLE DATA; Schema: auth; Owner: supabase_auth_admin
--



--
-- Data for Name: sso_domains; Type: TABLE DATA; Schema: auth; Owner: supabase_auth_admin
--



--
-- Data for Name: about_content; Type: TABLE DATA; Schema: public; Owner: postgres
--



--
-- Data for Name: admin_users; Type: TABLE DATA; Schema: public; Owner: postgres
--

INSERT INTO "public"."admin_users" ("id", "username", "password_hash", "email", "created_at", "updated_at") VALUES
	('f71909d2-3426-4e9e-bbd2-6c63964572e6', 'admin', '2HwCnCl8UuPgZQxw:57667763:3416049', 'admin@harmoniecils.fr', '2025-10-21 22:30:40.887715+00', '2025-10-21 22:30:40.887715+00');


--
-- Data for Name: booked_slots_public; Type: TABLE DATA; Schema: public; Owner: postgres
--

INSERT INTO "public"."booked_slots_public" ("day", "ts", "id") VALUES
	('2025-10-31', '["2025-10-31 15:30:00+00","2025-10-31 17:05:00+00")', '9f318503-88de-45f5-93ab-f4199cf1a736'),
	('2025-11-01', '["2025-11-01 09:00:00+00","2025-11-01 10:40:00+00")', '7157d1cf-b825-4a58-ae13-fba3ec90071e'),
	('2025-11-01', '["2025-11-01 11:30:00+00","2025-11-01 11:45:00+00")', '81365fdc-c3d1-441b-ae64-5b654c0620ad'),
	('2025-12-31', '["2025-12-31 07:30:00+00","2025-12-31 07:45:00+00")', '5f9334e8-7dc9-4d05-aed6-e774d270d715'),
	('2025-12-31', '["2025-12-31 08:10:00+00","2025-12-31 08:25:00+00")', '1d254131-e272-4d36-8f04-c777dc1dbd96');


--
-- Data for Name: bookings; Type: TABLE DATA; Schema: public; Owner: postgres
--

INSERT INTO "public"."bookings" ("id", "client_name", "client_email", "client_phone", "service_id", "service_name", "preferred_date", "preferred_time", "message", "status", "created_at", "updated_at", "reminder_sent", "cancellation_token", "canceled_at", "user_id", "duration_minutes", "start_at", "end_at", "ts", "period", "slot") VALUES
	('c1e30658-42cd-4ce9-bdac-f533adfc7423', 'Anthony Corradi', 'anthony.corradi24072001@gmail.com', '+33626445785', '815fd399-9436-4073-bcce-5885a9d29920', 'Pose cil  cil', '2025-10-30', '14:00', '', 'completed', '2025-10-29 03:01:21.932991+00', '2025-10-29 03:01:21.932991+00', false, 'ee646b8f-69d7-49be-82ee-e5d28dfabd31', NULL, NULL, 90, '2025-10-30 13:00:00', '2025-10-30 14:30:00', NULL, '["2025-10-30 13:00:00+00","2025-10-30 14:30:00+00")', '["2025-10-30 13:00:00+00","2025-10-30 14:30:00+00")'),
	('3222c5c8-5e5e-4929-b0f6-5c5f46ed82ac', 'Anthony Corradi', 'anthony.corradi24072001@gmail.com', '0626445785', '17322e94-f581-4c7e-8d66-7f2a40ecb485', 'Sourcils', '2025-10-30', '09:30', '', 'completed', '2025-10-29 03:48:41.090341+00', '2025-10-29 03:48:41.090341+00', false, '599dc3a5-18b7-4387-84da-ca7b04a465e4', NULL, NULL, 15, '2025-10-30 08:30:00', '2025-10-30 08:45:00', NULL, '["2025-10-30 08:30:00+00","2025-10-30 08:45:00+00")', '["2025-10-30 08:30:00+00","2025-10-30 08:45:00+00")'),
	('dd5b69ca-ecaa-48ec-ae23-e49636ebdd09', 'CAPUCINEEEEEE Corradi', 'anthony.corradi24072001@gmail.com', '06264457853', '17322e94-f581-4c7e-8d66-7f2a40ecb485', 'Sourcils + Lvre + Menton', '2025-10-29', '16:30', '', 'completed', '2025-10-29 14:53:29.549474+00', '2025-10-29 14:53:29.549474+00', false, 'a674ac69-f625-42bd-8f57-84393d54e573', NULL, NULL, 35, '2025-10-29 15:30:00', '2025-10-29 16:05:00', NULL, '["2025-10-29 15:30:00+00","2025-10-29 16:05:00+00")', '["2025-10-29 15:30:00+00","2025-10-29 16:05:00+00")'),
	('01c43d13-aa47-4c72-b344-f57c5d91c65b', 'Test Anon', 'e2e.test@example.com', '+33123456789', '17322e94-f581-4c7e-8d66-7f2a40ecb485', 'Sourcils', '2025-12-31', '08:30', 'Test via SQL', 'confirmed', '2025-10-25 15:46:40.340677+00', '2025-10-25 15:46:40.340677+00', false, 'a40b59ec-0482-448b-87c7-3094e0d612f0', NULL, NULL, 15, '2025-12-31 07:30:00', '2025-12-31 07:45:00', '["2025-12-31 09:30:00+00","2025-12-31 09:45:00+00")', '["2025-12-31 07:30:00+00","2025-12-31 07:45:00+00")', '["2025-12-31 07:30:00+00","2025-12-31 07:45:00+00")'),
	('e57b284a-ff24-4807-8d1e-ce09e59e5e77', 'Test Anon', 'e2e.test@example.com', '', '17322e94-f581-4c7e-8d66-7f2a40ecb485', 'Sourcils', '2025-12-31', '09:10', '', 'confirmed', '2025-10-25 15:47:53.007974+00', '2025-10-25 15:47:53.007974+00', false, '926d8dc7-24bb-48ea-9ced-7254778f652a', NULL, NULL, 15, '2025-12-31 08:10:00', '2025-12-31 08:25:00', '["2025-12-31 10:10:00+00","2025-12-31 10:25:00+00")', '["2025-12-31 08:10:00+00","2025-12-31 08:25:00+00")', '["2025-12-31 08:10:00+00","2025-12-31 08:25:00+00")'),
	('23120f86-6381-4d02-9c8f-cef10191e11d', 'Corradi', 'anthony.corradi24072001@gmail.com', '+33626445785', NULL, 'Sourcils', '2025-10-23', '10:00', '', 'completed', '2025-10-22 11:05:33.093624+00', '2025-10-22 11:05:33.093624+00', false, 'b1c11338-1ba6-42a3-abc8-6666c2398fed', NULL, NULL, 60, '2025-10-23 08:00:00', '2025-10-23 09:00:00', '["2025-10-23 10:00:00+00","2025-10-23 11:00:00+00")', '["2025-10-23 08:00:00+00","2025-10-23 09:00:00+00")', '["2025-10-23 08:00:00+00","2025-10-23 09:00:00+00")'),
	('80fc6540-2691-4bfe-b668-2c95208b08dd', 'Corradi', 'anthony.corradi24072001@gmail.com', '+33626445785', NULL, 'Sourcils', '2025-10-23', '11:30', '', 'completed', '2025-10-23 08:49:47.46436+00', '2025-10-23 08:49:47.46436+00', false, 'c9edd58a-c481-4bba-b6b4-a30113dca128', NULL, NULL, 60, '2025-10-23 09:30:00', '2025-10-23 10:30:00', '["2025-10-23 11:30:00+00","2025-10-23 12:30:00+00")', '["2025-10-23 09:30:00+00","2025-10-23 10:30:00+00")', '["2025-10-23 09:30:00+00","2025-10-23 10:30:00+00")'),
	('85caeb4e-5a99-4334-964a-e940694b484a', 'Corradi', 'anthony.corradi24072001@gmail.com', '+33626445785', NULL, 'Sourcils', '2025-10-23', '12:30', '', 'completed', '2025-10-23 09:38:47.468667+00', '2025-10-23 09:38:47.468667+00', false, '20935562-628b-46d8-806e-28281c6f22d7', NULL, NULL, 60, '2025-10-23 10:30:00', '2025-10-23 11:30:00', '["2025-10-23 12:30:00+00","2025-10-23 13:30:00+00")', '["2025-10-23 10:30:00+00","2025-10-23 11:30:00+00")', '["2025-10-23 10:30:00+00","2025-10-23 11:30:00+00")'),
	('1dfb55c5-c9e9-4de5-8080-c6d2a2b5d0aa', 'Corradi', 'anthony.corradi24072001@gmail.com', '+33626445785', NULL, 'Sourcils', '2025-10-23', '14:00', '', 'completed', '2025-10-23 10:58:39.733805+00', '2025-10-23 10:58:39.733805+00', false, 'e8434a6d-49b0-4dc5-8f7c-7b74ccd05607', NULL, NULL, 60, '2025-10-23 12:00:00', '2025-10-23 13:00:00', '["2025-10-23 14:00:00+00","2025-10-23 15:00:00+00")', '["2025-10-23 12:00:00+00","2025-10-23 13:00:00+00")', '["2025-10-23 12:00:00+00","2025-10-23 13:00:00+00")'),
	('a3e2b754-c365-4f62-923c-843f3f227036', 'Anonymous', '', '', NULL, 'Anonymous booking', '2025-10-26', '09:00', '', 'completed', '2025-10-25 21:09:57.463435+00', '2025-10-25 21:09:57.463435+00', false, 'f996f174-5817-4b57-87ab-59d3bbab4361', NULL, NULL, 60, '2025-10-26 08:00:00', '2025-10-26 09:00:00', '["2025-10-26 09:00:00+00","2025-10-26 10:00:00+00")', '["2025-10-26 08:00:00+00","2025-10-26 09:00:00+00")', '["2025-10-26 08:00:00+00","2025-10-26 09:00:00+00")'),
	('dab9962a-1d06-41a6-894e-f4e510253021', 'Corradi', 'anthony.corradi24072001@gmail.com', '+33626445785', NULL, 'Sourcils', '2025-10-27', '16:00', '', 'completed', '2025-10-22 09:35:22.852785+00', '2025-10-22 09:35:22.852785+00', false, '4c341538-15a0-4763-8953-8225d892a6ab', NULL, NULL, 60, '2025-10-27 15:00:00', '2025-10-27 16:00:00', '["2025-10-27 17:00:00+00","2025-10-27 18:00:00+00")', '["2025-10-27 15:00:00+00","2025-10-27 16:00:00+00")', '["2025-10-27 15:00:00+00","2025-10-27 16:00:00+00")'),
	('16a5c0a8-398a-4792-a32a-9c10696b5037', 'Corradi', 'anthony.corradi24072001@gmail.com', '+33626445785', NULL, 'Sourcils', '2025-10-23', '16:00', '', 'completed', '2025-10-22 09:36:22.220198+00', '2025-10-22 09:36:22.220198+00', false, '1154103e-fdb2-4faa-a073-aeed08275e8d', NULL, NULL, 60, '2025-10-23 14:00:00', '2025-10-23 15:00:00', '["2025-10-23 18:00:00+00","2025-10-23 19:00:00+00")', '["2025-10-23 14:00:00+00","2025-10-23 15:00:00+00")', '["2025-10-23 14:00:00+00","2025-10-23 15:00:00+00")'),
	('983097b3-710b-440a-9774-e831475e50e4', 'zerze zerzerz', 'anthony.corradi24072001@gmail.com', 'zerzerzz', '531a3590-267f-4d26-ba5c-0931e7736b68', 'Pose cil  cil + Sourcils, Lvre & Menton', '2025-10-30', '11:00', '', 'completed', '2025-11-01 15:40:36.267697+00', '2025-11-01 15:40:36.267697+00', false, '82750372-b5ec-4bb3-99c2-de5cac1d1e33', NULL, NULL, 120, '2025-10-30 10:00:00', '2025-10-30 12:00:00', '["2025-10-30 11:00:00+00","2025-10-30 13:00:00+00")', '["2025-10-30 10:00:00+00","2025-10-30 12:00:00+00")', '["2025-10-30 10:00:00+00","2025-10-30 12:00:00+00")'),
	('fdf6c010-9f94-47bd-8aee-99489ca80415', 'Anthony Corradi', 'anthony.corradi24072001@gmail.com', '0626445785', '0e5d0bea-4f61-46ff-a836-b85eb604f3e7', 'Rehaussement de cils + Rehaussement & teinture', '2025-11-01', '10:00', '', 'confirmed', '2025-10-29 03:55:16.116117+00', '2025-10-29 03:55:16.116117+00', false, 'd8bee0f3-3471-43f0-b412-21045457ce1a', NULL, NULL, 100, '2025-11-01 09:00:00', '2025-11-01 10:40:00', NULL, '["2025-11-01 09:00:00+00","2025-11-01 10:40:00+00")', '["2025-11-01 09:00:00+00","2025-11-01 10:40:00+00")'),
	('b7b30aac-5de8-4e9c-8e89-7de77dc5d44a', 'CAPUCINEEEEEE CORRADIOUPAS', 'anthony.corradi24072001@gmail.com', '06264457853', '1649cfc5-dc21-4df6-b6a8-29dc0a2492a1', 'Sourcils + Lvre + Menton + Remplissage cil  cil', '2025-10-31', '16:30', '', 'confirmed', '2025-10-29 14:32:23.675963+00', '2025-10-29 14:32:23.675963+00', false, '4c156858-3f22-467a-acbe-c8933a993654', NULL, NULL, 95, '2025-10-31 15:30:00', '2025-10-31 17:05:00', NULL, '["2025-10-31 15:30:00+00","2025-10-31 17:05:00+00")', '["2025-10-31 15:30:00+00","2025-10-31 17:05:00+00")'),
	('42017f71-e84a-49f9-ae86-020adf62db84', 'CAPUCINEEEEEE Corradi', 'anthony.corradi24072001@gmail.com', '0626445785', '17322e94-f581-4c7e-8d66-7f2a40ecb485', 'Sourcils + Lvre', '2025-10-31', '09:30', '', 'completed', '2025-10-29 21:33:17.230101+00', '2025-10-29 21:33:17.230101+00', false, '33489376-4a31-46d3-b1d0-82fdfdd38cd8', NULL, NULL, 25, '2025-10-31 08:30:00', '2025-10-31 08:55:00', NULL, '["2025-10-31 08:30:00+00","2025-10-31 08:55:00+00")', '["2025-10-31 08:30:00+00","2025-10-31 08:55:00+00")'),
	('e12adfd3-85f9-4ac5-87b0-89e8cdd64997', 'CAPUCINEEEEEE Corradi', 'anthony.corradi24072001@gmail.com', '0626445785', '17322e94-f581-4c7e-8d66-7f2a40ecb485', 'Sourcils', '2025-11-01', '12:30', '', 'confirmed', '2025-10-31 05:06:42.338447+00', '2025-10-31 05:06:42.338447+00', false, '9b02a585-47f9-4921-b205-fb6bfbbc59de', NULL, NULL, 15, '2025-11-01 11:30:00', '2025-11-01 11:45:00', '["2025-11-01 12:30:00+00","2025-11-01 12:45:00+00")', '["2025-11-01 11:30:00+00","2025-11-01 11:45:00+00")', '["2025-11-01 11:30:00+00","2025-11-01 11:45:00+00")'),
	('42776fbc-5902-4b85-82fc-06e1b6016429', 'Corradi', 'anthony.corradi24072001@gmail.com', '+33626445785', NULL, 'Sourcils', '2025-10-24', '10:00', '', 'completed', '2025-10-23 12:37:06.924439+00', '2025-10-23 12:37:06.924439+00', false, '097350c8-5bb9-4384-bb72-03cfd4e393e6', NULL, NULL, 60, '2025-10-24 08:00:00', '2025-10-24 09:00:00', '["2025-10-24 12:00:00+00","2025-10-24 13:00:00+00")', '["2025-10-24 08:00:00+00","2025-10-24 09:00:00+00")', '["2025-10-24 08:00:00+00","2025-10-24 09:00:00+00")'),
	('ededbd1b-2ff7-4db1-a60f-b4e06dba2f11', 'Test Client', 'test@example.com', '+33000000000', NULL, 'Rservation multi-prestations', '2025-10-26', '10:00', '', 'completed', '2025-10-25 22:15:49.565476+00', '2025-10-25 22:15:49.565476+00', false, '641d936e-0f56-4cb7-b7e3-56aea8d10d9e', NULL, NULL, 60, '2025-10-26 09:00:00', '2025-10-26 10:00:00', '["2025-10-26 11:00:00+00","2025-10-26 12:00:00+00")', '["2025-10-26 09:00:00+00","2025-10-26 10:00:00+00")', '["2025-10-26 09:00:00+00","2025-10-26 10:00:00+00")');


--
-- Data for Name: services; Type: TABLE DATA; Schema: public; Owner: postgres
--

INSERT INTO "public"."services" ("id", "title", "icon", "order_index", "created_at", "updated_at") VALUES
	('425c8c18-cea3-4e68-ad8c-a54f72dc8a8e', 'EXTENSIONS DE CILS - Naturel, Volume & poses  effet tendance', 'Eye', 0, '2025-10-22 00:36:20.928812+00', '2025-11-05 16:44:24.029+00'),
	('37bd0807-50cd-4b4b-87c0-0c62df920855', 'Formules pilation', 'Heart', 4, '2025-10-29 01:54:17.517877+00', '2025-11-05 16:44:24.029+00'),
	('300a4d17-95d7-48de-be35-a9462ad8267a', 'Velvet Brows / Shading', 'Brush', 6, '2025-11-02 16:06:48.108111+00', '2025-11-05 16:44:24.03+00'),
	('5f89595c-aa0e-41e9-8da1-f07fda39a8d3', 'Microblading', 'Wand2', 5, '2025-11-02 16:06:48.108111+00', '2025-11-05 16:44:24.029+00'),
	('c189791c-2488-4b5d-8535-bf3ee6205442', 'pilation au fil', 'Scissors', 3, '2025-10-22 00:36:20.928812+00', '2025-11-05 16:44:24.029+00'),
	('1ea99e4d-a362-46ff-a506-90ecc5aaf207', 'Remplissage (  2 semaines )', 'Sparkles', 2, '2025-10-29 01:54:17.517877+00', '2025-11-05 16:44:24.029+00'),
	('0731316f-aed9-4f0f-82b8-de0efe1b3dff', 'Remplissage (  3 semaines )', 'Eye', 8, '2025-11-05 16:44:58.762192+00', '2025-11-05 16:44:58.762192+00'),
	('68a39709-938f-4d5f-ab6a-664f7e971a02', 'Rehaussement de cils', 'Eye', 1, '2025-10-22 00:36:20.928812+00', '2025-11-05 16:53:58.533+00'),
	('beff24b6-e44b-45f3-a203-1cf811ecae86', 'Velvet Lips', 'Star', 7, '2025-11-05 15:42:40.370789+00', '2025-11-06 01:00:17.535+00');


--
-- Data for Name: service_items; Type: TABLE DATA; Schema: public; Owner: postgres
--

INSERT INTO "public"."service_items" ("id", "service_id", "label", "price", "description", "duration", "benefits", "order_index", "created_at", "updated_at") VALUES
	('17322e94-f581-4c7e-8d66-7f2a40ecb485', 'c189791c-2488-4b5d-8535-bf3ee6205442', 'Sourcils', '12', 'pilation prcise des sourcils au fil', '15 min', NULL, 0, '2025-10-22 00:36:20.928812+00', '2025-10-22 00:36:20.928812+00'),
	('f2d46b4f-7d71-47c0-bb75-57f45c84a8ff', 'c189791c-2488-4b5d-8535-bf3ee6205442', 'Lvre', '8', 'pilation au fil de la lvre suprieure', '10 min', NULL, 1, '2025-10-22 00:36:20.928812+00', '2025-10-22 00:36:20.928812+00'),
	('815fd399-9436-4073-bcce-5885a9d29920', '425c8c18-cea3-4e68-ad8c-a54f72dc8a8e', 'Pose cil  cil', '55', 'Pose naturelle pour un regard sublim', '1h30', NULL, 0, '2025-10-22 00:36:20.928812+00', '2025-10-22 00:36:20.928812+00'),
	('71aeb277-dc04-4a03-a15e-b65b040e7189', '425c8c18-cea3-4e68-ad8c-a54f72dc8a8e', 'Volume russe', '75', 'Volume intense pour un effet glamour', '2h', NULL, 1, '2025-10-22 00:36:20.928812+00', '2025-10-22 00:36:20.928812+00'),
	('0e5d0bea-4f61-46ff-a836-b85eb604f3e7', '68a39709-938f-4d5f-ab6a-664f7e971a02', 'Rehaussement de cils', '40', 'Courbure naturelle et durable des cils', '45 min', NULL, 0, '2025-10-22 00:36:20.928812+00', '2025-10-22 00:36:20.928812+00'),
	('2b3cb200-b689-4a97-9a31-b6fde56be8a7', 'c189791c-2488-4b5d-8535-bf3ee6205442', 'Menton', '7', 'pilation prcise du menton adapte aux peaux sensibles.', '10 min', NULL, 2, '2025-10-29 01:54:37.539517+00', '2025-10-29 01:54:37.539517+00'),
	('a2799a94-872e-42db-aebb-ee6b2cf50790', '425c8c18-cea3-4e68-ad8c-a54f72dc8a8e', 'Pose volume mixte', '65', 'Mix cil  cil + ventails lgers pour plus de densit avec naturel.', '1h45', NULL, 2, '2025-10-29 01:54:52.851381+00', '2025-10-29 01:54:52.851381+00'),
	('7887eccc-04b1-42d9-b304-12540da94408', '425c8c18-cea3-4e68-ad8c-a54f72dc8a8e', 'Pose volume russe', '75', 'ventails 3D-5D pour un regard intense et structur.', '2h', NULL, 2, '2025-10-29 01:54:52.851381+00', '2025-10-29 01:54:52.851381+00'),
	('abcd9f88-94fd-4052-9a49-2b5c4b161f00', '425c8c18-cea3-4e68-ad8c-a54f72dc8a8e', 'Pose volume russe intense', '80', 'Volume plus fourni pour un rsultat spectaculaire et glamour.', '2h15', NULL, 2, '2025-10-29 01:54:52.851381+00', '2025-10-29 01:54:52.851381+00'),
	('602fab6b-a5c6-42e7-acea-25e105efa3b1', '37bd0807-50cd-4b4b-87c0-0c62df920855', 'Sourcils & Lvre', '18', 'Formule avantageuse pour un visage net (sourcils + lvre).', '20 min', NULL, 0, '2025-10-29 01:55:19.869433+00', '2025-10-29 01:55:19.869433+00'),
	('531a3590-267f-4d26-ba5c-0931e7736b68', '37bd0807-50cd-4b4b-87c0-0c62df920855', 'Sourcils, Lvre & Menton', '25', 'Forfait complet d''pilation du visage au fil.', '30 min', NULL, 0, '2025-10-29 01:55:19.869433+00', '2025-10-29 01:55:19.869433+00'),
	('1649cfc5-dc21-4df6-b6a8-29dc0a2492a1', '1ea99e4d-a362-46ff-a506-90ecc5aaf207', 'Remplissage cil  cil', '40', 'Entretien 2-3 semaines pour conserver un effet naturel.', '1h', NULL, 0, '2025-10-29 01:55:34.22262+00', '2025-10-29 01:55:34.22262+00'),
	('473cab2f-a4ba-4bb6-bf80-ed6b6a986ba8', '1ea99e4d-a362-46ff-a506-90ecc5aaf207', 'Remplissage mixte', '50', 'Entretien 2-3 semaines des poses mixtes.', '1h15', NULL, 0, '2025-10-29 01:55:34.22262+00', '2025-10-29 01:55:34.22262+00'),
	('182a2741-a674-4712-8122-66122f06890e', '1ea99e4d-a362-46ff-a506-90ecc5aaf207', 'Remplissage russe', '60', 'Entretien 2-3 semaines des poses volume russe.', '1h15', NULL, 0, '2025-10-29 01:55:34.22262+00', '2025-10-29 01:55:34.22262+00'),
	('226aa2bb-69a8-4f75-999e-98fdfcd05617', '1ea99e4d-a362-46ff-a506-90ecc5aaf207', 'Dpose', '10', 'Retrait des extensions en douceur, sans abmer les cils naturels.', '20 min', NULL, 0, '2025-10-29 01:55:34.22262+00', '2025-10-29 01:55:34.22262+00'),
	('09ec5180-c70b-41c8-b163-9e70ca0fb36c', '68a39709-938f-4d5f-ab6a-664f7e971a02', 'Rehaussement & teinture', '45', 'Courbure + teinte pour un regard mis en valeur sans mascara.', '55 min', NULL, 1, '2025-10-29 01:55:47.489094+00', '2025-10-29 01:55:47.489094+00'),
	('5e172301-d73c-4418-a90c-43c0505c5c53', '68a39709-938f-4d5f-ab6a-664f7e971a02', 'Teinture de cils', '25', 'Teinte des cils pour intensifier le regard au quotidien.', '20 min', NULL, 1, '2025-10-29 01:55:47.489094+00', '2025-10-29 01:55:47.489094+00'),
	('9243393a-2718-4962-bda0-1de63ccf64d8', '5f89595c-aa0e-41e9-8da1-f07fda39a8d3', 'Microblading', '170', NULL, '', NULL, 1, '2025-11-02 16:06:48.108111+00', '2025-11-02 16:06:48.108111+00'),
	('5b20f958-7d04-4be5-a1e1-acb461cdaa13', '5f89595c-aa0e-41e9-8da1-f07fda39a8d3', 'Retouche 1  3 mois', '50', NULL, '', NULL, 2, '2025-11-02 16:06:48.108111+00', '2025-11-02 16:06:48.108111+00'),
	('97e2c167-2613-4ff9-9248-a49aaaf14783', '5f89595c-aa0e-41e9-8da1-f07fda39a8d3', 'Retouche 6 mois', '70', NULL, '', NULL, 3, '2025-11-02 16:06:48.108111+00', '2025-11-02 16:06:48.108111+00'),
	('bf1162be-c4bc-43b2-a0de-5459b4875c66', '5f89595c-aa0e-41e9-8da1-f07fda39a8d3', 'Retouche 12 mois', '90', NULL, '', NULL, 4, '2025-11-02 16:06:48.108111+00', '2025-11-02 16:06:48.108111+00'),
	('0a99aecc-0f0c-460d-9cfd-609d076d52ba', '5f89595c-aa0e-41e9-8da1-f07fda39a8d3', 'Combo Blading + Velvet Brows', '200', NULL, '', NULL, 5, '2025-11-02 16:06:48.108111+00', '2025-11-02 16:06:48.108111+00'),
	('645d1991-1b03-4fe9-b5b0-f6d325f7ab7a', '300a4d17-95d7-48de-be35-a9462ad8267a', 'Velvet Brows', '180', NULL, '', NULL, 1, '2025-11-02 16:06:48.108111+00', '2025-11-02 16:06:48.108111+00'),
	('3de7476b-85fc-4140-9403-a8eaf6ea234b', '300a4d17-95d7-48de-be35-a9462ad8267a', 'Retouche 1  3 mois', '50', NULL, '', NULL, 2, '2025-11-02 16:06:48.108111+00', '2025-11-02 16:06:48.108111+00'),
	('6af2c638-7df0-4065-817a-d0204f6a7e90', '300a4d17-95d7-48de-be35-a9462ad8267a', 'Retouche 6 mois', '70', NULL, '', NULL, 3, '2025-11-02 16:06:48.108111+00', '2025-11-02 16:06:48.108111+00'),
	('d213629a-b29b-4666-acf1-b3fa4ce491e1', '300a4d17-95d7-48de-be35-a9462ad8267a', 'Retouche 12 mois', '90', NULL, '', NULL, 4, '2025-11-02 16:06:48.108111+00', '2025-11-02 16:06:48.108111+00'),
	('1f25f9a0-b96e-4fd5-bab2-5e98d974987b', '300a4d17-95d7-48de-be35-a9462ad8267a', 'Combo Blading + Velvet Brows', '200', NULL, '', NULL, 5, '2025-11-02 16:06:48.108111+00', '2025-11-02 16:06:48.108111+00');


--
-- Data for Name: booking_items; Type: TABLE DATA; Schema: public; Owner: postgres
--

INSERT INTO "public"."booking_items" ("id", "booking_id", "service_item_id", "duration_minutes", "created_at") VALUES
	('40b57e9c-fbf4-4113-8b01-61746d7f9981', 'ededbd1b-2ff7-4db1-a60f-b4e06dba2f11', '17322e94-f581-4c7e-8d66-7f2a40ecb485', 15, '2025-10-25 22:15:49.565476+00'),
	('b6ba6336-0a04-4caa-b1b6-07dbdf33fe37', 'ededbd1b-2ff7-4db1-a60f-b4e06dba2f11', '0e5d0bea-4f61-46ff-a836-b85eb604f3e7', 45, '2025-10-25 22:15:49.565476+00');


--
-- Data for Name: business_hours; Type: TABLE DATA; Schema: public; Owner: postgres
--

INSERT INTO "public"."business_hours" ("id", "day_of_week", "open_time", "close_time", "is_closed", "created_at", "updated_at") VALUES
	('dfda00e6-7905-404a-a394-0f80e8fe76c0', 0, '09:00:00', '19:00:00', false, '2025-10-22 00:36:15.007059+00', '2025-10-22 00:36:15.007059+00'),
	('36c07bbc-6f0c-442f-be6b-9b46b6352522', 1, '09:00:00', '19:00:00', false, '2025-10-22 00:36:15.007059+00', '2025-10-22 00:36:15.007059+00'),
	('cf3c0597-deab-4a6a-867f-605d885d1210', 2, '09:00:00', '19:00:00', false, '2025-10-22 00:36:15.007059+00', '2025-10-22 00:36:15.007059+00'),
	('c468f601-b823-43d9-8aa1-b67de3b9519e', 3, '09:00:00', '19:00:00', false, '2025-10-22 00:36:15.007059+00', '2025-10-22 00:36:15.007059+00'),
	('d08f65e6-fe86-402f-bc7c-24dc88c6ba79', 4, '09:00:00', '19:00:00', false, '2025-10-22 00:36:15.007059+00', '2025-10-22 00:36:15.007059+00'),
	('9e18fbfb-afe3-44bd-b894-a42385219ce9', 5, '09:00:00', '15:00:00', false, '2025-10-22 00:36:15.007059+00', '2025-10-22 00:36:15.007059+00'),
	('b4fed106-2525-4b87-b92e-120089b0cd5c', 6, NULL, NULL, true, '2025-10-22 00:36:15.007059+00', '2025-10-22 00:36:15.007059+00');


--
-- Data for Name: cancellation_tokens; Type: TABLE DATA; Schema: public; Owner: postgres
--



--
-- Data for Name: closures; Type: TABLE DATA; Schema: public; Owner: postgres
--



--
-- Data for Name: email_logs; Type: TABLE DATA; Schema: public; Owner: postgres
--



--
-- Data for Name: obs_index_usage_snapshots; Type: TABLE DATA; Schema: public; Owner: postgres
--



--
-- Data for Name: portfolio_categories; Type: TABLE DATA; Schema: public; Owner: postgres
--

INSERT INTO "public"."portfolio_categories" ("id", "name", "order_index", "created_at", "updated_at") VALUES
	('976d34b0-4a57-4541-bdf9-16191118c998', 'Maquillage', 3, '2025-10-21 22:30:40.887715+00', '2025-11-01 21:53:19.299+00'),
	('e48e4216-2579-493d-9fd9-1ecb838cd97b', 'Lvres', 2, '2025-10-21 22:30:40.887715+00', '2025-11-01 21:53:19.299+00'),
	('6a37d76b-f67d-454f-b67d-e7368f854672', 'Sourcils', 1, '2025-10-21 22:30:40.887715+00', '2025-11-01 21:53:19.299+00'),
	('56825128-ffb8-4e4c-90e0-36e454f89c6f', 'Cils', 0, '2025-10-21 22:30:40.887715+00', '2025-11-01 21:53:19.299+00');


--
-- Data for Name: portfolio_items; Type: TABLE DATA; Schema: public; Owner: postgres
--

INSERT INTO "public"."portfolio_items" ("id", "url", "title", "description", "detailed_description", "alt", "category", "show_on_home", "order_index", "created_at", "updated_at") VALUES
	('cbc53a66-fdee-4ce9-935a-942600be5500', 'https://harmoniecils.com/image3.jpeg', 'Volume Parfait', 'Extensions volume pour un regard magnifique', 'Ralisation d''extensions de cils volume par Harmonie Cils. Technique professionnelle pour un rsultat exceptionnel.', 'Extensions de cils volume - Harmonie Cils', 'Cils', true, 2, '2025-11-01 08:58:47.773619+00', '2025-11-01 08:58:47.773619+00'),
	('29c98f39-34fe-43fc-9ff2-67c4beaf0809', 'https://harmoniecils.com/image13.jpeg', 'lgance Pure', 'Extensions pour un look sophistiqu et raffin', 'Pose d''extensions de cils ralise avec soin pour un rsultat lgant et sophistiqu.', 'Extensions de cils lgantes - Harmonie Cils', 'Cils', true, 4, '2025-11-01 08:58:47.773619+00', '2025-11-01 08:58:47.773619+00'),
	('3a967d68-7916-479e-a284-803aedf3f0f6', 'https://harmoniecils.com/image12.jpeg', 'Technique Experte', 'Extensions ralises avec expertise et prcision', 'Dmonstration du savoir-faire d''Harmonie Cils avec cette pose d''extensions parfaitement ralise.', 'Extensions de cils professionnelles - Harmonie Cils', 'Cils', true, 3, '2025-11-01 08:58:47.773619+00', '2025-11-01 08:58:47.773619+00'),
	('77d9b3c7-e098-4f6b-b479-bf9488985254', 'https://harmoniecils.com/image1.jpeg', 'Volume Russe', 'Extensions volume russe pour un regard intense et glamour', 'Pose d''extensions volume russe ralise par Harmonie Cils. Technique experte pour un volume spectaculaire et un regard captivant.', 'Extensions de cils volume russe - Harmonie Cils', 'Cils', true, 0, '2025-11-01 08:58:47.773619+00', '2025-11-01 08:58:47.773619+00'),
	('85e102df-fae8-46ae-9dea-069656e6cab3', 'https://harmoniecils.com/image2.jpeg', 'Regard Naturel', 'Extensions pour un effet naturel et lgant', 'Pose d''extensions de cils pour un effet naturel parfait. Travail minutieux pour sublimer le regard en douceur.', 'Extensions de cils naturelles - Harmonie Cils', 'Cils', true, 1, '2025-11-01 08:58:47.773619+00', '2025-11-01 09:49:18.819+00');


--
-- Data for Name: profiles; Type: TABLE DATA; Schema: public; Owner: postgres
--

INSERT INTO "public"."profiles" ("user_id", "is_admin", "created_at", "updated_at") VALUES
	('0343fca9-5ab1-4348-be5b-7b7f79a064df', true, '2025-10-24 14:40:14.6146+00', '2025-10-25 21:07:30.43482+00');


--
-- Data for Name: promotions; Type: TABLE DATA; Schema: public; Owner: postgres
--



--
-- Data for Name: reviews; Type: TABLE DATA; Schema: public; Owner: postgres
--



--
-- Data for Name: service_item_members; Type: TABLE DATA; Schema: public; Owner: postgres
--



--
-- Data for Name: site_settings; Type: TABLE DATA; Schema: public; Owner: postgres
--



--
-- Data for Name: buckets; Type: TABLE DATA; Schema: storage; Owner: supabase_storage_admin
--

INSERT INTO "storage"."buckets" ("id", "name", "owner", "created_at", "updated_at", "public", "avif_autodetection", "file_size_limit", "allowed_mime_types", "owner_id", "type") VALUES
	('images', 'images', NULL, '2025-10-21 22:42:14.491258+00', '2025-10-21 22:42:14.491258+00', true, false, NULL, NULL, NULL, 'STANDARD');


--
-- Data for Name: buckets_analytics; Type: TABLE DATA; Schema: storage; Owner: supabase_storage_admin
--



--
-- Data for Name: objects; Type: TABLE DATA; Schema: storage; Owner: supabase_storage_admin
--

INSERT INTO "storage"."objects" ("id", "bucket_id", "name", "owner", "created_at", "updated_at", "last_accessed_at", "metadata", "version", "owner_id", "user_metadata", "level") VALUES
	('2c63b7ab-f620-41c9-9da2-efabba4d1020', 'images', 'portfolio/ug4shd8skvk_1761994732570.jpg', '0343fca9-5ab1-4348-be5b-7b7f79a064df', '2025-11-01 10:58:53.086726+00', '2025-11-01 10:58:53.086726+00', '2025-11-01 10:58:53.086726+00', '{"eTag": "\"4c45be93bdfb3b8064970f01c3eff0ae\"", "size": 107329, "mimetype": "image/jpeg", "cacheControl": "max-age=3600", "lastModified": "2025-11-01T10:58:54.000Z", "contentLength": 107329, "httpStatusCode": 200}', '7ed125b4-d0c2-4836-ba64-34caa799ed18', '0343fca9-5ab1-4348-be5b-7b7f79a064df', '{}', 2),
	('f09ee110-4d38-485e-932f-d72ff0e6c4d3', 'images', 'portfolio/2q95jesp0d_1762105130687.png', '0343fca9-5ab1-4348-be5b-7b7f79a064df', '2025-11-02 17:38:52.736304+00', '2025-11-02 17:38:52.736304+00', '2025-11-02 17:38:52.736304+00', '{"eTag": "\"b61982162151930795364c7e8d04097e\"", "size": 223435, "mimetype": "image/png", "cacheControl": "max-age=3600", "lastModified": "2025-11-02T17:38:53.000Z", "contentLength": 223435, "httpStatusCode": 200}', '6d09091b-6b52-409c-ac9e-40c1a1872b0d', '0343fca9-5ab1-4348-be5b-7b7f79a064df', '{}', 2);


--
-- Data for Name: prefixes; Type: TABLE DATA; Schema: storage; Owner: supabase_storage_admin
--

INSERT INTO "storage"."prefixes" ("bucket_id", "name", "created_at", "updated_at") VALUES
	('images', 'portfolio', '2025-11-01 10:58:53.086726+00', '2025-11-01 10:58:53.086726+00');


--
-- Data for Name: s3_multipart_uploads; Type: TABLE DATA; Schema: storage; Owner: supabase_storage_admin
--



--
-- Data for Name: s3_multipart_uploads_parts; Type: TABLE DATA; Schema: storage; Owner: supabase_storage_admin
--



--
-- Name: refresh_tokens_id_seq; Type: SEQUENCE SET; Schema: auth; Owner: supabase_auth_admin
--

SELECT pg_catalog.setval('"auth"."refresh_tokens_id_seq"', 318, true);


--
-- Name: obs_index_usage_snapshots_id_seq; Type: SEQUENCE SET; Schema: public; Owner: postgres
--

SELECT pg_catalog.setval('"public"."obs_index_usage_snapshots_id_seq"', 1, false);


--
-- PostgreSQL database dump complete
--

-- \unrestrict SsiWHSNH5FWMBOHfD55x0UdmkawvUdl18pmNDrLHZRGDTmx2z7lJetinHJibBcD

RESET ALL;
